Date&Time,Energy used (Wh)
12/1/2016 0:00,40
12/1/2016 0:10,30
12/1/2016 0:20,40
12/1/2016 0:30,50
12/1/2016 0:40,310
12/1/2016 0:50,380
12/1/2016 1:00,380
12/1/2016 1:10,370
12/1/2016 1:20,120
12/1/2016 1:30,50
12/1/2016 1:40,40
12/1/2016 1:50,50
12/1/2016 2:00,40
12/1/2016 2:10,50
12/1/2016 2:20,50
12/1/2016 2:30,50
12/1/2016 2:40,40
12/1/2016 2:50,40
12/1/2016 3:00,30
12/1/2016 3:10,20
12/1/2016 3:20,20
12/1/2016 3:30,40
12/1/2016 3:40,50
12/1/2016 3:50,50
12/1/2016 4:00,40
12/1/2016 4:10,50
12/1/2016 4:20,40
12/1/2016 4:30,40
12/1/2016 4:40,40
12/1/2016 4:50,60
12/1/2016 5:00,50
12/1/2016 5:10,50
12/1/2016 5:20,40
12/1/2016 5:30,40
12/1/2016 5:40,40
12/1/2016 5:50,40
12/1/2016 6:00,50
12/1/2016 6:10,70
12/1/2016 6:20,40
12/1/2016 6:30,30
12/1/2016 6:40,20
12/1/2016 6:50,30
12/1/2016 7:00,40
12/1/2016 7:10,50
12/1/2016 7:20,60
12/1/2016 7:30,60
12/1/2016 7:40,70
12/1/2016 7:50,60
12/1/2016 8:00,140
12/1/2016 8:10,110
12/1/2016 8:20,90
12/1/2016 8:30,60
12/1/2016 8:40,60
12/1/2016 8:50,60
12/1/2016 9:00,50
12/1/2016 9:10,60
12/1/2016 9:20,50
12/1/2016 9:30,30
12/1/2016 9:40,40
12/1/2016 9:50,30
12/1/2016 10:00,260
12/1/2016 10:10,500
12/1/2016 10:20,450
12/1/2016 10:30,50
12/1/2016 10:40,60
12/1/2016 10:50,60
12/1/2016 11:00,50
12/1/2016 11:10,50
12/1/2016 11:20,50
12/1/2016 11:30,60
12/1/2016 11:40,60
12/1/2016 11:50,60
12/1/2016 12:00,60
12/1/2016 12:10,190
12/1/2016 12:20,220
12/1/2016 12:30,170
12/1/2016 12:40,390
12/1/2016 12:50,90
12/1/2016 13:00,60
12/1/2016 13:10,290
12/1/2016 13:20,130
12/1/2016 13:30,140
12/1/2016 13:40,240
12/1/2016 13:50,50
12/1/2016 14:00,60
12/1/2016 14:10,60
12/1/2016 14:20,60
12/1/2016 14:30,370
12/1/2016 14:40,200
12/1/2016 14:50,70
12/1/2016 15:00,50
12/1/2016 15:10,40
12/1/2016 15:20,40
12/1/2016 15:30,30
12/1/2016 15:40,30
12/1/2016 15:50,30
12/1/2016 16:00,30
12/1/2016 16:10,40
12/1/2016 16:20,50
12/1/2016 16:30,40
12/1/2016 16:40,40
12/1/2016 16:50,40
12/1/2016 17:00,60
12/1/2016 17:10,60
12/1/2016 17:20,210
12/1/2016 17:30,380
12/1/2016 17:40,370
12/1/2016 17:50,230
12/1/2016 18:00,80
12/1/2016 18:10,90
12/1/2016 18:20,70
12/1/2016 18:30,40
12/1/2016 18:40,40
12/1/2016 18:50,30
12/1/2016 19:00,50
12/1/2016 19:10,50
12/1/2016 19:20,60
12/1/2016 19:30,50
12/1/2016 19:40,60
12/1/2016 19:50,60
12/1/2016 20:00,60
12/1/2016 20:10,50
12/1/2016 20:20,50
12/1/2016 20:30,50
12/1/2016 20:40,50
12/1/2016 20:50,50
12/1/2016 21:00,60
12/1/2016 21:10,60
12/1/2016 21:20,40
12/1/2016 21:30,30
12/1/2016 21:40,30
12/1/2016 21:50,30
12/1/2016 22:00,40
12/1/2016 22:10,50
12/1/2016 22:20,50
12/1/2016 22:30,50
12/1/2016 22:40,40
12/1/2016 22:50,50
12/1/2016 23:00,40
12/1/2016 23:10,40
12/1/2016 23:20,40
12/1/2016 23:30,40
12/1/2016 23:40,50
12/1/2016 23:50,50
13/1/2016 0:00,50
13/1/2016 0:10,30
13/1/2016 0:20,20
13/1/2016 0:30,30
13/1/2016 0:40,20
13/1/2016 0:50,40
13/1/2016 1:00,50
13/1/2016 1:10,60
13/1/2016 1:20,50
13/1/2016 1:30,40
13/1/2016 1:40,40
13/1/2016 1:50,50
13/1/2016 2:00,40
13/1/2016 2:10,40
13/1/2016 2:20,50
13/1/2016 2:30,50
13/1/2016 2:40,50
13/1/2016 2:50,40
13/1/2016 3:00,30
13/1/2016 3:10,20
13/1/2016 3:20,20
13/1/2016 3:30,20
13/1/2016 3:40,50
13/1/2016 3:50,50
13/1/2016 4:00,50
13/1/2016 4:10,40
13/1/2016 4:20,40
13/1/2016 4:30,50
13/1/2016 4:40,40
13/1/2016 4:50,50
13/1/2016 5:00,50
13/1/2016 5:10,50
13/1/2016 5:20,40
13/1/2016 5:30,40
13/1/2016 5:40,50
13/1/2016 5:50,20
13/1/2016 6:00,20
13/1/2016 6:10,50
13/1/2016 6:20,30
13/1/2016 6:30,50
13/1/2016 6:40,50
13/1/2016 6:50,200
13/1/2016 7:00,110
13/1/2016 7:10,80
13/1/2016 7:20,50
13/1/2016 7:30,50
13/1/2016 7:40,50
13/1/2016 7:50,40
13/1/2016 8:00,40
13/1/2016 8:10,30
13/1/2016 8:20,180
13/1/2016 8:30,350
13/1/2016 8:40,350
13/1/2016 8:50,300
13/1/2016 9:00,400
13/1/2016 9:10,390
13/1/2016 9:20,290
13/1/2016 9:30,60
13/1/2016 9:40,70
13/1/2016 9:50,110
13/1/2016 10:00,90
13/1/2016 10:10,60
13/1/2016 10:20,70
13/1/2016 10:30,80
13/1/2016 10:40,60
13/1/2016 10:50,40
13/1/2016 11:00,30
13/1/2016 11:10,70
13/1/2016 11:20,50
13/1/2016 11:30,80
13/1/2016 11:40,80
13/1/2016 11:50,50
13/1/2016 12:00,40
13/1/2016 12:10,50
13/1/2016 12:20,40
13/1/2016 12:30,40
13/1/2016 12:40,50
13/1/2016 12:50,30
13/1/2016 13:00,30
13/1/2016 13:10,20
13/1/2016 13:20,20
13/1/2016 13:30,50
13/1/2016 13:40,40
13/1/2016 13:50,50
13/1/2016 14:00,40
13/1/2016 14:10,60
13/1/2016 14:20,40
13/1/2016 14:30,40
13/1/2016 14:40,50
13/1/2016 14:50,40
13/1/2016 15:00,40
13/1/2016 15:10,30
13/1/2016 15:20,30
13/1/2016 15:30,30
13/1/2016 15:40,40
13/1/2016 15:50,80
13/1/2016 16:00,70
13/1/2016 16:10,80
13/1/2016 16:20,70
13/1/2016 16:30,80
13/1/2016 16:40,80
13/1/2016 16:50,100
13/1/2016 17:00,90
13/1/2016 17:10,100
13/1/2016 17:20,90
13/1/2016 17:30,110
13/1/2016 17:40,90
13/1/2016 17:50,100
13/1/2016 18:00,100
13/1/2016 18:10,110
13/1/2016 18:20,100
13/1/2016 18:30,90
13/1/2016 18:40,90
13/1/2016 18:50,180
13/1/2016 19:00,140
13/1/2016 19:10,100
13/1/2016 19:20,110
13/1/2016 19:30,340
13/1/2016 19:40,380
13/1/2016 19:50,210
13/1/2016 20:00,150
13/1/2016 20:10,330
13/1/2016 20:20,420
13/1/2016 20:30,330
13/1/2016 20:40,130
13/1/2016 20:50,130
13/1/2016 21:00,110
13/1/2016 21:10,250
13/1/2016 21:20,520
13/1/2016 21:30,360
13/1/2016 21:40,330
13/1/2016 21:50,310
13/1/2016 22:00,270
13/1/2016 22:10,230
13/1/2016 22:20,170
13/1/2016 22:30,60
13/1/2016 22:40,30
13/1/2016 22:50,30
13/1/2016 23:00,30
13/1/2016 23:10,40
13/1/2016 23:20,50
13/1/2016 23:30,50
13/1/2016 23:40,40
13/1/2016 23:50,40
14/1/2016 0:00,50
14/1/2016 0:10,50
14/1/2016 0:20,40
14/1/2016 0:30,60
14/1/2016 0:40,40
14/1/2016 0:50,40
14/1/2016 1:00,50
14/1/2016 1:10,40
14/1/2016 1:20,30
14/1/2016 1:30,30
14/1/2016 1:40,30
14/1/2016 1:50,40
14/1/2016 2:00,40
14/1/2016 2:10,50
14/1/2016 2:20,40
14/1/2016 2:30,40
14/1/2016 2:40,40
14/1/2016 2:50,50
14/1/2016 3:00,50
14/1/2016 3:10,50
14/1/2016 3:20,40
14/1/2016 3:30,50
14/1/2016 3:40,40
14/1/2016 3:50,40
14/1/2016 4:00,20
14/1/2016 4:10,30
14/1/2016 4:20,30
14/1/2016 4:30,40
14/1/2016 4:40,50
14/1/2016 4:50,40
14/1/2016 5:00,40
14/1/2016 5:10,50
14/1/2016 5:20,40
14/1/2016 5:30,50
14/1/2016 5:40,50
14/1/2016 5:50,40
14/1/2016 6:00,50
14/1/2016 6:10,40
14/1/2016 6:20,40
14/1/2016 6:30,40
14/1/2016 6:40,40
14/1/2016 6:50,30
14/1/2016 7:00,70
14/1/2016 7:10,360
14/1/2016 7:20,400
14/1/2016 7:30,70
14/1/2016 7:40,70
14/1/2016 7:50,390
14/1/2016 8:00,100
14/1/2016 8:10,80
14/1/2016 8:20,70
14/1/2016 8:30,170
14/1/2016 8:40,360
14/1/2016 8:50,180
14/1/2016 9:00,130
14/1/2016 9:10,70
14/1/2016 9:20,70
14/1/2016 9:30,180
14/1/2016 9:40,170
14/1/2016 9:50,390
14/1/2016 10:00,420
14/1/2016 10:10,340
14/1/2016 10:20,550
14/1/2016 10:30,690
14/1/2016 10:40,620
14/1/2016 10:50,610
14/1/2016 11:00,490
14/1/2016 11:10,260
14/1/2016 11:20,240
14/1/2016 11:30,220
14/1/2016 11:40,130
14/1/2016 11:50,90
14/1/2016 12:00,290
14/1/2016 12:10,410
14/1/2016 12:20,320
14/1/2016 12:30,260
14/1/2016 12:40,210
14/1/2016 12:50,210
14/1/2016 13:00,140
14/1/2016 13:10,60
14/1/2016 13:20,50
14/1/2016 13:30,60
14/1/2016 13:40,50
14/1/2016 13:50,60
14/1/2016 14:00,140
14/1/2016 14:10,270
14/1/2016 14:20,200
14/1/2016 14:30,60
14/1/2016 14:40,50
14/1/2016 14:50,60
14/1/2016 15:00,80
14/1/2016 15:10,50
14/1/2016 15:20,40
14/1/2016 15:30,50
14/1/2016 15:40,50
14/1/2016 15:50,40
14/1/2016 16:00,30
14/1/2016 16:10,30
14/1/2016 16:20,200
14/1/2016 16:30,450
14/1/2016 16:40,400
14/1/2016 16:50,740
14/1/2016 17:00,910
14/1/2016 17:10,610
14/1/2016 17:20,510
14/1/2016 17:30,190
14/1/2016 17:40,110
14/1/2016 17:50,100
14/1/2016 18:00,90
14/1/2016 18:10,110
14/1/2016 18:20,100
14/1/2016 18:30,110
14/1/2016 18:40,100
14/1/2016 18:50,790
14/1/2016 19:00,380
14/1/2016 19:10,360
14/1/2016 19:20,360
14/1/2016 19:30,100
14/1/2016 19:40,100
14/1/2016 19:50,90
14/1/2016 20:00,90
14/1/2016 20:10,110
14/1/2016 20:20,140
14/1/2016 20:30,110
14/1/2016 20:40,100
14/1/2016 20:50,110
14/1/2016 21:00,130
14/1/2016 21:10,140
14/1/2016 21:20,130
14/1/2016 21:30,120
14/1/2016 21:40,100
14/1/2016 21:50,80
14/1/2016 22:00,50
14/1/2016 22:10,50
14/1/2016 22:20,50
14/1/2016 22:30,40
14/1/2016 22:40,50
14/1/2016 22:50,50
14/1/2016 23:00,50
14/1/2016 23:10,40
14/1/2016 23:20,30
14/1/2016 23:30,30
14/1/2016 23:40,40
14/1/2016 23:50,40
15/1/2016 0:00,50
15/1/2016 0:10,60
15/1/2016 0:20,50
15/1/2016 0:30,60
15/1/2016 0:40,50
15/1/2016 0:50,50
15/1/2016 1:00,50
15/1/2016 1:10,50
15/1/2016 1:20,50
15/1/2016 1:30,50
15/1/2016 1:40,60
15/1/2016 1:50,50
15/1/2016 2:00,50
15/1/2016 2:10,50
15/1/2016 2:20,50
15/1/2016 2:30,40
15/1/2016 2:40,50
15/1/2016 2:50,40
15/1/2016 3:00,30
15/1/2016 3:10,40
15/1/2016 3:20,30
15/1/2016 3:30,60
15/1/2016 3:40,50
15/1/2016 3:50,50
15/1/2016 4:00,40
15/1/2016 4:10,50
15/1/2016 4:20,60
15/1/2016 4:30,50
15/1/2016 4:40,50
15/1/2016 4:50,50
15/1/2016 5:00,50
15/1/2016 5:10,40
15/1/2016 5:20,50
15/1/2016 5:30,50
15/1/2016 5:40,50
15/1/2016 5:50,60
15/1/2016 6:00,50
15/1/2016 6:10,40
15/1/2016 6:20,50
15/1/2016 6:30,50
15/1/2016 6:40,50
15/1/2016 6:50,30
15/1/2016 7:00,70
15/1/2016 7:10,50
15/1/2016 7:20,50
15/1/2016 7:30,50
15/1/2016 7:40,50
15/1/2016 7:50,40
15/1/2016 8:00,50
15/1/2016 8:10,50
15/1/2016 8:20,150
15/1/2016 8:30,390
15/1/2016 8:40,390
15/1/2016 8:50,380
15/1/2016 9:00,400
15/1/2016 9:10,370
15/1/2016 9:20,310
15/1/2016 9:30,40
15/1/2016 9:40,50
15/1/2016 9:50,70
15/1/2016 10:00,60
15/1/2016 10:10,90
15/1/2016 10:20,60
15/1/2016 10:30,60
15/1/2016 10:40,100
15/1/2016 10:50,380
15/1/2016 11:00,390
15/1/2016 11:10,130
15/1/2016 11:20,60
15/1/2016 11:30,60
15/1/2016 11:40,50
15/1/2016 11:50,60
15/1/2016 12:00,60
15/1/2016 12:10,240
15/1/2016 12:20,80
15/1/2016 12:30,80
15/1/2016 12:40,400
15/1/2016 12:50,400
15/1/2016 13:00,460
15/1/2016 13:10,170
15/1/2016 13:20,210
15/1/2016 13:30,190
15/1/2016 13:40,70
15/1/2016 13:50,80
15/1/2016 14:00,60
15/1/2016 14:10,70
15/1/2016 14:20,60
15/1/2016 14:30,70
15/1/2016 14:40,60
15/1/2016 14:50,60
15/1/2016 15:00,60
15/1/2016 15:10,60
15/1/2016 15:20,60
15/1/2016 15:30,50
15/1/2016 15:40,50
15/1/2016 15:50,60
15/1/2016 16:00,50
15/1/2016 16:10,50
15/1/2016 16:20,70
15/1/2016 16:30,50
15/1/2016 16:40,60
15/1/2016 16:50,60
15/1/2016 17:00,90
15/1/2016 17:10,100
15/1/2016 17:20,90
15/1/2016 17:30,100
15/1/2016 17:40,110
15/1/2016 17:50,100
15/1/2016 18:00,80
15/1/2016 18:10,110
15/1/2016 18:20,260
15/1/2016 18:30,350
15/1/2016 18:40,500
15/1/2016 18:50,370
15/1/2016 19:00,330
15/1/2016 19:10,100
15/1/2016 19:20,110
15/1/2016 19:30,140
15/1/2016 19:40,310
15/1/2016 19:50,330
15/1/2016 20:00,190
15/1/2016 20:10,160
15/1/2016 20:20,160
15/1/2016 20:30,480
15/1/2016 20:40,280
15/1/2016 20:50,130
15/1/2016 21:00,150
15/1/2016 21:10,140
15/1/2016 21:20,130
15/1/2016 21:30,130
15/1/2016 21:40,340
15/1/2016 21:50,490
15/1/2016 22:00,230
15/1/2016 22:10,360
15/1/2016 22:20,410
15/1/2016 22:30,150
15/1/2016 22:40,80
15/1/2016 22:50,80
15/1/2016 23:00,70
15/1/2016 23:10,70
15/1/2016 23:20,70
15/1/2016 23:30,60
15/1/2016 23:40,60
15/1/2016 23:50,50
16/1/2016 0:00,50
16/1/2016 0:10,50
16/1/2016 0:20,30
16/1/2016 0:30,20
16/1/2016 0:40,40
16/1/2016 0:50,50
16/1/2016 1:00,50
16/1/2016 1:10,50
16/1/2016 1:20,60
16/1/2016 1:30,50
16/1/2016 1:40,60
16/1/2016 1:50,50
16/1/2016 2:00,40
16/1/2016 2:10,50
16/1/2016 2:20,50
16/1/2016 2:30,50
16/1/2016 2:40,50
16/1/2016 2:50,40
16/1/2016 3:00,30
16/1/2016 3:10,30
16/1/2016 3:20,40
16/1/2016 3:30,50
16/1/2016 3:40,50
16/1/2016 3:50,50
16/1/2016 4:00,50
16/1/2016 4:10,60
16/1/2016 4:20,50
16/1/2016 4:30,50
16/1/2016 4:40,40
16/1/2016 4:50,50
16/1/2016 5:00,50
16/1/2016 5:10,50
16/1/2016 5:20,50
16/1/2016 5:30,30
16/1/2016 5:40,30
16/1/2016 5:50,30
16/1/2016 6:00,50
16/1/2016 6:10,50
16/1/2016 6:20,40
16/1/2016 6:30,60
16/1/2016 6:40,60
16/1/2016 6:50,50
16/1/2016 7:00,50
16/1/2016 7:10,50
16/1/2016 7:20,220
16/1/2016 7:30,390
16/1/2016 7:40,380
16/1/2016 7:50,390
16/1/2016 8:00,390
16/1/2016 8:10,240
16/1/2016 8:20,40
16/1/2016 8:30,70
16/1/2016 8:40,50
16/1/2016 8:50,50
16/1/2016 9:00,70
16/1/2016 9:10,60
16/1/2016 9:20,70
16/1/2016 9:30,60
16/1/2016 9:40,50
16/1/2016 9:50,60
16/1/2016 10:00,60
16/1/2016 10:10,80
16/1/2016 10:20,100
16/1/2016 10:30,60
16/1/2016 10:40,70
16/1/2016 10:50,60
16/1/2016 11:00,60
16/1/2016 11:10,50
16/1/2016 11:20,50
16/1/2016 11:30,40
16/1/2016 11:40,50
16/1/2016 11:50,70
16/1/2016 12:00,60
16/1/2016 12:10,60
16/1/2016 12:20,80
16/1/2016 12:30,80
16/1/2016 12:40,80
16/1/2016 12:50,90
16/1/2016 13:00,90
16/1/2016 13:10,100
16/1/2016 13:20,80
16/1/2016 13:30,90
16/1/2016 13:40,80
16/1/2016 13:50,80
16/1/2016 14:00,80
16/1/2016 14:10,80
16/1/2016 14:20,90
16/1/2016 14:30,70
16/1/2016 14:40,50
16/1/2016 14:50,60
16/1/2016 15:00,70
16/1/2016 15:10,80
16/1/2016 15:20,70
16/1/2016 15:30,370
16/1/2016 15:40,410
16/1/2016 15:50,250
16/1/2016 16:00,80
16/1/2016 16:10,70
16/1/2016 16:20,70
16/1/2016 16:30,80
16/1/2016 16:40,70
16/1/2016 16:50,80
16/1/2016 17:00,80
16/1/2016 17:10,150
16/1/2016 17:20,380
16/1/2016 17:30,290
16/1/2016 17:40,270
16/1/2016 17:50,420
16/1/2016 18:00,280
16/1/2016 18:10,300
16/1/2016 18:20,350
16/1/2016 18:30,270
16/1/2016 18:40,560
16/1/2016 18:50,1080
16/1/2016 19:00,750
16/1/2016 19:10,390
16/1/2016 19:20,350
16/1/2016 19:30,340
16/1/2016 19:40,290
16/1/2016 19:50,230
16/1/2016 20:00,120
16/1/2016 20:10,110
16/1/2016 20:20,100
16/1/2016 20:30,110
16/1/2016 20:40,130
16/1/2016 20:50,140
16/1/2016 21:00,110
16/1/2016 21:10,100
16/1/2016 21:20,100
16/1/2016 21:30,110
16/1/2016 21:40,110
16/1/2016 21:50,190
16/1/2016 22:00,450
16/1/2016 22:10,210
16/1/2016 22:20,100
16/1/2016 22:30,90
16/1/2016 22:40,90
16/1/2016 22:50,80
16/1/2016 23:00,70
16/1/2016 23:10,70
16/1/2016 23:20,70
16/1/2016 23:30,60
16/1/2016 23:40,30
16/1/2016 23:50,30
17/1/2016 0:00,30
17/1/2016 0:10,40
17/1/2016 0:20,50
17/1/2016 0:30,60
17/1/2016 0:40,50
17/1/2016 0:50,50
17/1/2016 1:00,50
17/1/2016 1:10,50
17/1/2016 1:20,50
17/1/2016 1:30,50
17/1/2016 1:40,50
17/1/2016 1:50,60
17/1/2016 2:00,50
17/1/2016 2:10,60
17/1/2016 2:20,50
17/1/2016 2:30,40
17/1/2016 2:40,30
17/1/2016 2:50,30
17/1/2016 3:00,30
17/1/2016 3:10,60
17/1/2016 3:20,50
17/1/2016 3:30,60
17/1/2016 3:40,50
17/1/2016 3:50,50
17/1/2016 4:00,50
17/1/2016 4:10,40
17/1/2016 4:20,60
17/1/2016 4:30,50
17/1/2016 4:40,60
17/1/2016 4:50,50
17/1/2016 5:00,50
17/1/2016 5:10,40
17/1/2016 5:20,50
17/1/2016 5:30,50
17/1/2016 5:40,30
17/1/2016 5:50,40
17/1/2016 6:00,30
17/1/2016 6:10,50
17/1/2016 6:20,50
17/1/2016 6:30,40
17/1/2016 6:40,50
17/1/2016 6:50,50
17/1/2016 7:00,170
17/1/2016 7:10,400
17/1/2016 7:20,390
17/1/2016 7:30,370
17/1/2016 7:40,390
17/1/2016 7:50,370
17/1/2016 8:00,380
17/1/2016 8:10,100
17/1/2016 8:20,90
17/1/2016 8:30,470
17/1/2016 8:40,320
17/1/2016 8:50,270
17/1/2016 9:00,260
17/1/2016 9:10,230
17/1/2016 9:20,470
17/1/2016 9:30,400
17/1/2016 9:40,290
17/1/2016 9:50,100
17/1/2016 10:00,90
17/1/2016 10:10,90
17/1/2016 10:20,90
17/1/2016 10:30,90
17/1/2016 10:40,100
17/1/2016 10:50,80
17/1/2016 11:00,180
17/1/2016 11:10,440
17/1/2016 11:20,300
17/1/2016 11:30,250
17/1/2016 11:40,280
17/1/2016 11:50,460
17/1/2016 12:00,120
17/1/2016 12:10,120
17/1/2016 12:20,110
17/1/2016 12:30,130
17/1/2016 12:40,110
17/1/2016 12:50,120
17/1/2016 13:00,120
17/1/2016 13:10,120
17/1/2016 13:20,130
17/1/2016 13:30,120
17/1/2016 13:40,120
17/1/2016 13:50,410
17/1/2016 14:00,420
17/1/2016 14:10,140
17/1/2016 14:20,60
17/1/2016 14:30,60
17/1/2016 14:40,70
17/1/2016 14:50,80
17/1/2016 15:00,100
17/1/2016 15:10,80
17/1/2016 15:20,80
17/1/2016 15:30,70
17/1/2016 15:40,80
17/1/2016 15:50,80
17/1/2016 16:00,90
17/1/2016 16:10,80
17/1/2016 16:20,80
17/1/2016 16:30,80
17/1/2016 16:40,80
17/1/2016 16:50,80
17/1/2016 17:00,90
17/1/2016 17:10,130
17/1/2016 17:20,380
17/1/2016 17:30,800
17/1/2016 17:40,790
17/1/2016 17:50,540
17/1/2016 18:00,120
17/1/2016 18:10,110
17/1/2016 18:20,160
17/1/2016 18:30,140
17/1/2016 18:40,550
17/1/2016 18:50,530
17/1/2016 19:00,100
17/1/2016 19:10,100
17/1/2016 19:20,90
17/1/2016 19:30,90
17/1/2016 19:40,100
17/1/2016 19:50,130
17/1/2016 20:00,110
17/1/2016 20:10,120
17/1/2016 20:20,100
17/1/2016 20:30,110
17/1/2016 20:40,100
17/1/2016 20:50,120
17/1/2016 21:00,250
17/1/2016 21:10,110
17/1/2016 21:20,110
17/1/2016 21:30,150
17/1/2016 21:40,110
17/1/2016 21:50,50
17/1/2016 22:00,40
17/1/2016 22:10,50
17/1/2016 22:20,50
17/1/2016 22:30,70
17/1/2016 22:40,60
17/1/2016 22:50,60
17/1/2016 23:00,70
17/1/2016 23:10,50
17/1/2016 23:20,70
17/1/2016 23:30,60
17/1/2016 23:40,70
17/1/2016 23:50,60
18/1/2016 0:00,60
18/1/2016 0:10,50
18/1/2016 0:20,40
18/1/2016 0:30,30
18/1/2016 0:40,40
18/1/2016 0:50,50
18/1/2016 1:00,50
18/1/2016 1:10,40
18/1/2016 1:20,50
18/1/2016 1:30,40
18/1/2016 1:40,40
18/1/2016 1:50,40
18/1/2016 2:00,60
18/1/2016 2:10,50
18/1/2016 2:20,50
18/1/2016 2:30,40
18/1/2016 2:40,40
18/1/2016 2:50,20
18/1/2016 3:00,30
18/1/2016 3:10,20
18/1/2016 3:20,50
18/1/2016 3:30,60
18/1/2016 3:40,40
18/1/2016 3:50,50
18/1/2016 4:00,40
18/1/2016 4:10,40
18/1/2016 4:20,50
18/1/2016 4:30,50
18/1/2016 4:40,40
18/1/2016 4:50,50
18/1/2016 5:00,40
18/1/2016 5:10,50
18/1/2016 5:20,30
18/1/2016 5:30,20
18/1/2016 5:40,30
18/1/2016 5:50,30
18/1/2016 6:00,50
18/1/2016 6:10,80
18/1/2016 6:20,40
18/1/2016 6:30,50
18/1/2016 6:40,40
18/1/2016 6:50,70
18/1/2016 7:00,100
18/1/2016 7:10,60
18/1/2016 7:20,50
18/1/2016 7:30,40
18/1/2016 7:40,40
18/1/2016 7:50,40
18/1/2016 8:00,20
18/1/2016 8:10,20
18/1/2016 8:20,30
18/1/2016 8:30,50
18/1/2016 8:40,50
18/1/2016 8:50,40
18/1/2016 9:00,40
18/1/2016 9:10,40
18/1/2016 9:20,40
18/1/2016 9:30,50
18/1/2016 9:40,50
18/1/2016 9:50,50
18/1/2016 10:00,40
18/1/2016 10:10,40
18/1/2016 10:20,20
18/1/2016 10:30,20
18/1/2016 10:40,30
18/1/2016 10:50,40
18/1/2016 11:00,50
18/1/2016 11:10,50
18/1/2016 11:20,40
18/1/2016 11:30,40
18/1/2016 11:40,50
18/1/2016 11:50,40
18/1/2016 12:00,40
18/1/2016 12:10,50
18/1/2016 12:20,40
18/1/2016 12:30,50
18/1/2016 12:40,40
18/1/2016 12:50,20
18/1/2016 13:00,20
18/1/2016 13:10,30
18/1/2016 13:20,40
18/1/2016 13:30,50
18/1/2016 13:40,50
18/1/2016 13:50,50
18/1/2016 14:00,40
18/1/2016 14:10,40
18/1/2016 14:20,40
18/1/2016 14:30,40
18/1/2016 14:40,40
18/1/2016 14:50,50
18/1/2016 15:00,50
18/1/2016 15:10,30
18/1/2016 15:20,20
18/1/2016 15:30,30
18/1/2016 15:40,30
18/1/2016 15:50,40
18/1/2016 16:00,50
18/1/2016 16:10,50
18/1/2016 16:20,50
18/1/2016 16:30,40
18/1/2016 16:40,40
18/1/2016 16:50,50
18/1/2016 17:00,40
18/1/2016 17:10,40
18/1/2016 17:20,40
18/1/2016 17:30,40
18/1/2016 17:40,20
18/1/2016 17:50,30
18/1/2016 18:00,30
18/1/2016 18:10,70
18/1/2016 18:20,230
18/1/2016 18:30,660
18/1/2016 18:40,510
18/1/2016 18:50,300
18/1/2016 19:00,300
18/1/2016 19:10,350
18/1/2016 19:20,90
18/1/2016 19:30,100
18/1/2016 19:40,130
18/1/2016 19:50,200
18/1/2016 20:00,480
18/1/2016 20:10,430
18/1/2016 20:20,630
18/1/2016 20:30,600
18/1/2016 20:40,470
18/1/2016 20:50,740
18/1/2016 21:00,600
18/1/2016 21:10,560
18/1/2016 21:20,440
18/1/2016 21:30,280
18/1/2016 21:40,110
18/1/2016 21:50,80
18/1/2016 22:00,70
18/1/2016 22:10,50
18/1/2016 22:20,50
18/1/2016 22:30,60
18/1/2016 22:40,60
18/1/2016 22:50,50
18/1/2016 23:00,60
18/1/2016 23:10,50
18/1/2016 23:20,50
18/1/2016 23:30,40
18/1/2016 23:40,30
18/1/2016 23:50,40
19/1/2016 0:00,50
19/1/2016 0:10,50
19/1/2016 0:20,50
19/1/2016 0:30,40
19/1/2016 0:40,50
19/1/2016 0:50,40
19/1/2016 1:00,50
19/1/2016 1:10,40
19/1/2016 1:20,50
19/1/2016 1:30,50
19/1/2016 1:40,40
19/1/2016 1:50,40
19/1/2016 2:00,30
19/1/2016 2:10,20
19/1/2016 2:20,20
19/1/2016 2:30,40
19/1/2016 2:40,50
19/1/2016 2:50,40
19/1/2016 3:00,50
19/1/2016 3:10,50
19/1/2016 3:20,40
19/1/2016 3:30,40
19/1/2016 3:40,50
19/1/2016 3:50,50
19/1/2016 4:00,50
19/1/2016 4:10,40
19/1/2016 4:20,50
19/1/2016 4:30,20
19/1/2016 4:40,30
19/1/2016 4:50,10
19/1/2016 5:00,40
19/1/2016 5:10,60
19/1/2016 5:20,40
19/1/2016 5:30,50
19/1/2016 5:40,40
19/1/2016 5:50,40
19/1/2016 6:00,40
19/1/2016 6:10,70
19/1/2016 6:20,50
19/1/2016 6:30,50
19/1/2016 6:40,40
19/1/2016 6:50,30
19/1/2016 7:00,30
19/1/2016 7:10,20
19/1/2016 7:20,50
19/1/2016 7:30,50
19/1/2016 7:40,50
19/1/2016 7:50,50
19/1/2016 8:00,40
19/1/2016 8:10,40
19/1/2016 8:20,50
19/1/2016 8:30,40
19/1/2016 8:40,40
19/1/2016 8:50,40
19/1/2016 9:00,40
19/1/2016 9:10,20
19/1/2016 9:20,30
19/1/2016 9:30,30
19/1/2016 9:40,40
19/1/2016 9:50,40
19/1/2016 10:00,40
19/1/2016 10:10,50
19/1/2016 10:20,50
19/1/2016 10:30,50
19/1/2016 10:40,40
19/1/2016 10:50,40
19/1/2016 11:00,40
19/1/2016 11:10,20
19/1/2016 11:20,20
19/1/2016 11:30,30
19/1/2016 11:40,50
19/1/2016 11:50,40
19/1/2016 12:00,50
19/1/2016 12:10,40
19/1/2016 12:20,40
19/1/2016 12:30,40
19/1/2016 12:40,40
19/1/2016 12:50,50
19/1/2016 13:00,50
19/1/2016 13:10,50
19/1/2016 13:20,30
19/1/2016 13:30,30
19/1/2016 13:40,20
19/1/2016 13:50,20
19/1/2016 14:00,50
19/1/2016 14:10,50
19/1/2016 14:20,50
19/1/2016 14:30,40
19/1/2016 14:40,40
19/1/2016 14:50,40
19/1/2016 15:00,40
19/1/2016 15:10,40
19/1/2016 15:20,50
19/1/2016 15:30,60
19/1/2016 15:40,20
19/1/2016 15:50,20
19/1/2016 16:00,30
19/1/2016 16:10,40
19/1/2016 16:20,40
19/1/2016 16:30,50
19/1/2016 16:40,40
19/1/2016 16:50,50
19/1/2016 17:00,50
19/1/2016 17:10,40
19/1/2016 17:20,40
19/1/2016 17:30,50
19/1/2016 17:40,60
19/1/2016 17:50,190
19/1/2016 18:00,350
19/1/2016 18:10,210
19/1/2016 18:20,140
19/1/2016 18:30,110
19/1/2016 18:40,120
19/1/2016 18:50,120
19/1/2016 19:00,110
19/1/2016 19:10,260
19/1/2016 19:20,550
19/1/2016 19:30,480
19/1/2016 19:40,360
19/1/2016 19:50,360
19/1/2016 20:00,290
19/1/2016 20:10,460
19/1/2016 20:20,570
19/1/2016 20:30,470
19/1/2016 20:40,450
19/1/2016 20:50,450
19/1/2016 21:00,380
19/1/2016 21:10,110
19/1/2016 21:20,110
19/1/2016 21:30,110
19/1/2016 21:40,100
19/1/2016 21:50,110
19/1/2016 22:00,120
19/1/2016 22:10,70
19/1/2016 22:20,50
19/1/2016 22:30,40
19/1/2016 22:40,30
19/1/2016 22:50,30
19/1/2016 23:00,50
19/1/2016 23:10,50
19/1/2016 23:20,50
19/1/2016 23:30,40
19/1/2016 23:40,50
19/1/2016 23:50,40
20/1/2016 0:00,40
20/1/2016 0:10,50
20/1/2016 0:20,40
20/1/2016 0:30,30
20/1/2016 0:40,30
20/1/2016 0:50,30
20/1/2016 1:00,30
20/1/2016 1:10,50
20/1/2016 1:20,40
20/1/2016 1:30,50
20/1/2016 1:40,50
20/1/2016 1:50,50
20/1/2016 2:00,40
20/1/2016 2:10,40
20/1/2016 2:20,40
20/1/2016 2:30,30
20/1/2016 2:40,20
20/1/2016 2:50,20
20/1/2016 3:00,30
20/1/2016 3:10,50
20/1/2016 3:20,50
20/1/2016 3:30,40
20/1/2016 3:40,50
20/1/2016 3:50,40
20/1/2016 4:00,40
20/1/2016 4:10,50
20/1/2016 4:20,50
20/1/2016 4:30,50
20/1/2016 4:40,30
20/1/2016 4:50,30
20/1/2016 5:00,20
20/1/2016 5:10,20
20/1/2016 5:20,40
20/1/2016 5:30,50
20/1/2016 5:40,50
20/1/2016 5:50,50
20/1/2016 6:00,40
20/1/2016 6:10,80
20/1/2016 6:20,40
20/1/2016 6:30,50
20/1/2016 6:40,340
20/1/2016 6:50,150
20/1/2016 7:00,50
20/1/2016 7:10,40
20/1/2016 7:20,60
20/1/2016 7:30,60
20/1/2016 7:40,60
20/1/2016 7:50,50
20/1/2016 8:00,70
20/1/2016 8:10,60
20/1/2016 8:20,60
20/1/2016 8:30,60
20/1/2016 8:40,350
20/1/2016 8:50,360
20/1/2016 9:00,80
20/1/2016 9:10,50
20/1/2016 9:20,60
20/1/2016 9:30,80
20/1/2016 9:40,50
20/1/2016 9:50,80
20/1/2016 10:00,90
20/1/2016 10:10,90
20/1/2016 10:20,70
20/1/2016 10:30,90
20/1/2016 10:40,60
20/1/2016 10:50,70
20/1/2016 11:00,90
20/1/2016 11:10,70
20/1/2016 11:20,110
20/1/2016 11:30,70
20/1/2016 11:40,70
20/1/2016 11:50,80
20/1/2016 12:00,330
20/1/2016 12:10,220
20/1/2016 12:20,70
20/1/2016 12:30,60
20/1/2016 12:40,50
20/1/2016 12:50,60
20/1/2016 13:00,80
20/1/2016 13:10,70
20/1/2016 13:20,80
20/1/2016 13:30,70
20/1/2016 13:40,80
20/1/2016 13:50,70
20/1/2016 14:00,80
20/1/2016 14:10,50
20/1/2016 14:20,40
20/1/2016 14:30,30
20/1/2016 14:40,50
20/1/2016 14:50,80
20/1/2016 15:00,80
20/1/2016 15:10,80
20/1/2016 15:20,70
20/1/2016 15:30,90
20/1/2016 15:40,80
20/1/2016 15:50,80
20/1/2016 16:00,80
20/1/2016 16:10,70
20/1/2016 16:20,60
20/1/2016 16:30,50
20/1/2016 16:40,80
20/1/2016 16:50,80
20/1/2016 17:00,60
20/1/2016 17:10,70
20/1/2016 17:20,340
20/1/2016 17:30,360
20/1/2016 17:40,160
20/1/2016 17:50,120
20/1/2016 18:00,90
20/1/2016 18:10,90
20/1/2016 18:20,90
20/1/2016 18:30,80
20/1/2016 18:40,170
20/1/2016 18:50,830
20/1/2016 19:00,540
20/1/2016 19:10,340
20/1/2016 19:20,410
20/1/2016 19:30,390
20/1/2016 19:40,360
20/1/2016 19:50,330
20/1/2016 20:00,210
20/1/2016 20:10,100
20/1/2016 20:20,160
20/1/2016 20:30,390
20/1/2016 20:40,440
20/1/2016 20:50,400
20/1/2016 21:00,420
20/1/2016 21:10,390
20/1/2016 21:20,410
20/1/2016 21:30,210
20/1/2016 21:40,70
20/1/2016 21:50,60
20/1/2016 22:00,50
20/1/2016 22:10,70
20/1/2016 22:20,160
20/1/2016 22:30,360
20/1/2016 22:40,150
20/1/2016 22:50,60
20/1/2016 23:00,60
20/1/2016 23:10,50
20/1/2016 23:20,50
20/1/2016 23:30,50
20/1/2016 23:40,50
20/1/2016 23:50,50
21/1/2016 0:00,60
21/1/2016 0:10,50
21/1/2016 0:20,40
21/1/2016 0:30,20
21/1/2016 0:40,30
21/1/2016 0:50,50
21/1/2016 1:00,50
21/1/2016 1:10,60
21/1/2016 1:20,60
21/1/2016 1:30,60
21/1/2016 1:40,40
21/1/2016 1:50,60
21/1/2016 2:00,40
21/1/2016 2:10,40
21/1/2016 2:20,40
21/1/2016 2:30,30
21/1/2016 2:40,40
21/1/2016 2:50,60
21/1/2016 3:00,50
21/1/2016 3:10,50
21/1/2016 3:20,40
21/1/2016 3:30,50
21/1/2016 3:40,50
21/1/2016 3:50,60
21/1/2016 4:00,50
21/1/2016 4:10,40
21/1/2016 4:20,30
21/1/2016 4:30,30
21/1/2016 4:40,40
21/1/2016 4:50,50
21/1/2016 5:00,50
21/1/2016 5:10,60
21/1/2016 5:20,60
21/1/2016 5:30,50
21/1/2016 5:40,40
21/1/2016 5:50,50
21/1/2016 6:00,50
21/1/2016 6:10,60
21/1/2016 6:20,30
21/1/2016 6:30,30
21/1/2016 6:40,50
21/1/2016 6:50,50
21/1/2016 7:00,50
21/1/2016 7:10,40
21/1/2016 7:20,60
21/1/2016 7:30,40
21/1/2016 7:40,50
21/1/2016 7:50,40
21/1/2016 8:00,30
21/1/2016 8:10,20
21/1/2016 8:20,20
21/1/2016 8:30,40
21/1/2016 8:40,40
21/1/2016 8:50,40
21/1/2016 9:00,50
21/1/2016 9:10,60
21/1/2016 9:20,60
21/1/2016 9:30,60
21/1/2016 9:40,50
21/1/2016 9:50,40
21/1/2016 10:00,30
21/1/2016 10:10,50
21/1/2016 10:20,70
21/1/2016 10:30,60
21/1/2016 10:40,60
21/1/2016 10:50,60
21/1/2016 11:00,60
21/1/2016 11:10,60
21/1/2016 11:20,50
21/1/2016 11:30,50
21/1/2016 11:40,40
21/1/2016 11:50,50
21/1/2016 12:00,50
21/1/2016 12:10,60
21/1/2016 12:20,60
21/1/2016 12:30,50
21/1/2016 12:40,50
21/1/2016 12:50,50
21/1/2016 13:00,50
21/1/2016 13:10,50
21/1/2016 13:20,290
21/1/2016 13:30,360
21/1/2016 13:40,230
21/1/2016 13:50,60
21/1/2016 14:00,70
21/1/2016 14:10,70
21/1/2016 14:20,80
21/1/2016 14:30,60
21/1/2016 14:40,60
21/1/2016 14:50,40
21/1/2016 15:00,50
21/1/2016 15:10,50
21/1/2016 15:20,40
21/1/2016 15:30,40
21/1/2016 15:40,40
21/1/2016 15:50,50
21/1/2016 16:00,40
21/1/2016 16:10,50
21/1/2016 16:20,40
21/1/2016 16:30,40
21/1/2016 16:40,40
21/1/2016 16:50,40
21/1/2016 17:00,50
21/1/2016 17:10,40
21/1/2016 17:20,20
21/1/2016 17:30,20
21/1/2016 17:40,30
21/1/2016 17:50,50
21/1/2016 18:00,70
21/1/2016 18:10,90
21/1/2016 18:20,110
21/1/2016 18:30,200
21/1/2016 18:40,430
21/1/2016 18:50,1070
21/1/2016 19:00,890
21/1/2016 19:10,590
21/1/2016 19:20,100
21/1/2016 19:30,100
21/1/2016 19:40,120
21/1/2016 19:50,150
21/1/2016 20:00,120
21/1/2016 20:10,120
21/1/2016 20:20,160
21/1/2016 20:30,480
21/1/2016 20:40,460
21/1/2016 20:50,360
21/1/2016 21:00,330
21/1/2016 21:10,310
21/1/2016 21:20,250
21/1/2016 21:30,220
21/1/2016 21:40,90
21/1/2016 21:50,80
21/1/2016 22:00,80
21/1/2016 22:10,70
21/1/2016 22:20,50
21/1/2016 22:30,50
21/1/2016 22:40,40
21/1/2016 22:50,40
21/1/2016 23:00,40
21/1/2016 23:10,30
21/1/2016 23:20,50
21/1/2016 23:30,50
21/1/2016 23:40,40
21/1/2016 23:50,50
22/1/2016 0:00,40
22/1/2016 0:10,40
22/1/2016 0:20,40
22/1/2016 0:30,40
22/1/2016 0:40,50
22/1/2016 0:50,30
22/1/2016 1:00,30
22/1/2016 1:10,20
22/1/2016 1:20,40
22/1/2016 1:30,40
22/1/2016 1:40,50
22/1/2016 1:50,40
22/1/2016 2:00,50
22/1/2016 2:10,50
22/1/2016 2:20,40
22/1/2016 2:30,40
22/1/2016 2:40,30
22/1/2016 2:50,20
22/1/2016 3:00,30
22/1/2016 3:10,30
22/1/2016 3:20,40
22/1/2016 3:30,50
22/1/2016 3:40,40
22/1/2016 3:50,50
22/1/2016 4:00,30
22/1/2016 4:10,40
22/1/2016 4:20,40
22/1/2016 4:30,50
22/1/2016 4:40,40
22/1/2016 4:50,20
22/1/2016 5:00,20
22/1/2016 5:10,30
22/1/2016 5:20,40
22/1/2016 5:30,40
22/1/2016 5:40,50
22/1/2016 5:50,50
22/1/2016 6:00,40
22/1/2016 6:10,50
22/1/2016 6:20,40
22/1/2016 6:30,40
22/1/2016 6:40,30
22/1/2016 6:50,30
22/1/2016 7:00,20
22/1/2016 7:10,30
22/1/2016 7:20,70
22/1/2016 7:30,50
22/1/2016 7:40,60
22/1/2016 7:50,40
22/1/2016 8:00,40
22/1/2016 8:10,40
22/1/2016 8:20,60
22/1/2016 8:30,50
22/1/2016 8:40,30
22/1/2016 8:50,80
22/1/2016 9:00,340
22/1/2016 9:10,50
22/1/2016 9:20,50
22/1/2016 9:30,60
22/1/2016 9:40,60
22/1/2016 9:50,60
22/1/2016 10:00,60
22/1/2016 10:10,50
22/1/2016 10:20,60
22/1/2016 10:30,30
22/1/2016 10:40,30
22/1/2016 10:50,30
22/1/2016 11:00,340
22/1/2016 11:10,400
22/1/2016 11:20,70
22/1/2016 11:30,50
22/1/2016 11:40,40
22/1/2016 11:50,40
22/1/2016 12:00,40
22/1/2016 12:10,40
22/1/2016 12:20,30
22/1/2016 12:30,30
22/1/2016 12:40,20
22/1/2016 12:50,30
22/1/2016 13:00,40
22/1/2016 13:10,50
22/1/2016 13:20,40
22/1/2016 13:30,40
22/1/2016 13:40,50
22/1/2016 13:50,50
22/1/2016 14:00,40
22/1/2016 14:10,30
22/1/2016 14:20,20
22/1/2016 14:30,20
22/1/2016 14:40,20
22/1/2016 14:50,40
22/1/2016 15:00,50
22/1/2016 15:10,50
22/1/2016 15:20,40
22/1/2016 15:30,40
22/1/2016 15:40,40
22/1/2016 15:50,40
22/1/2016 16:00,40
22/1/2016 16:10,20
22/1/2016 16:20,30
22/1/2016 16:30,20
22/1/2016 16:40,40
22/1/2016 16:50,40
22/1/2016 17:00,40
22/1/2016 17:10,40
22/1/2016 17:20,40
22/1/2016 17:30,40
22/1/2016 17:40,50
22/1/2016 17:50,50
22/1/2016 18:00,20
22/1/2016 18:10,20
22/1/2016 18:20,20
22/1/2016 18:30,30
22/1/2016 18:40,40
22/1/2016 18:50,40
22/1/2016 19:00,50
22/1/2016 19:10,40
22/1/2016 19:20,50
22/1/2016 19:30,40
22/1/2016 19:40,30
22/1/2016 19:50,20
22/1/2016 20:00,20
22/1/2016 20:10,20
22/1/2016 20:20,50
22/1/2016 20:30,50
22/1/2016 20:40,40
22/1/2016 20:50,40
22/1/2016 21:00,40
22/1/2016 21:10,40
22/1/2016 21:20,40
22/1/2016 21:30,30
22/1/2016 21:40,20
22/1/2016 21:50,30
22/1/2016 22:00,30
22/1/2016 22:10,40
22/1/2016 22:20,40
22/1/2016 22:30,40
22/1/2016 22:40,40
22/1/2016 22:50,40
22/1/2016 23:00,50
22/1/2016 23:10,40
22/1/2016 23:20,20
22/1/2016 23:30,20
22/1/2016 23:40,20
22/1/2016 23:50,40
23/1/2016 0:00,40
23/1/2016 0:10,50
23/1/2016 0:20,40
23/1/2016 0:30,50
23/1/2016 0:40,40
23/1/2016 0:50,40
23/1/2016 1:00,20
23/1/2016 1:10,20
23/1/2016 1:20,20
23/1/2016 1:30,30
23/1/2016 1:40,50
23/1/2016 1:50,50
23/1/2016 2:00,40
23/1/2016 2:10,40
23/1/2016 2:20,40
23/1/2016 2:30,40
23/1/2016 2:40,30
23/1/2016 2:50,20
23/1/2016 3:00,30
23/1/2016 3:10,30
23/1/2016 3:20,40
23/1/2016 3:30,40
23/1/2016 3:40,50
23/1/2016 3:50,40
23/1/2016 4:00,40
23/1/2016 4:10,30
23/1/2016 4:20,50
23/1/2016 4:30,20
23/1/2016 4:40,20
23/1/2016 4:50,20
23/1/2016 5:00,40
23/1/2016 5:10,40
23/1/2016 5:20,50
23/1/2016 5:30,40
23/1/2016 5:40,40
23/1/2016 5:50,50
23/1/2016 6:00,50
23/1/2016 6:10,10
23/1/2016 6:20,20
23/1/2016 6:30,20
23/1/2016 6:40,40
23/1/2016 6:50,40
23/1/2016 7:00,40
23/1/2016 7:10,50
23/1/2016 7:20,50
23/1/2016 7:30,40
23/1/2016 7:40,40
23/1/2016 7:50,20
23/1/2016 8:00,20
23/1/2016 8:10,40
23/1/2016 8:20,120
23/1/2016 8:30,160
23/1/2016 8:40,220
23/1/2016 8:50,130
23/1/2016 9:00,210
23/1/2016 9:10,140
23/1/2016 9:20,130
23/1/2016 9:30,190
23/1/2016 9:40,130
23/1/2016 9:50,120
23/1/2016 10:00,120
23/1/2016 10:10,120
23/1/2016 10:20,200
23/1/2016 10:30,120
23/1/2016 10:40,110
23/1/2016 10:50,120
23/1/2016 11:00,130
23/1/2016 11:10,130
23/1/2016 11:20,170
23/1/2016 11:30,110
23/1/2016 11:40,140
23/1/2016 11:50,110
23/1/2016 12:00,120
23/1/2016 12:10,110
23/1/2016 12:20,110
23/1/2016 12:30,250
23/1/2016 12:40,250
23/1/2016 12:50,100
23/1/2016 13:00,120
23/1/2016 13:10,120
23/1/2016 13:20,140
23/1/2016 13:30,190
23/1/2016 13:40,150
23/1/2016 13:50,150
23/1/2016 14:00,150
23/1/2016 14:10,150
23/1/2016 14:20,140
23/1/2016 14:30,130
23/1/2016 14:40,180
23/1/2016 14:50,280
23/1/2016 15:00,170
23/1/2016 15:10,130
23/1/2016 15:20,80
23/1/2016 15:30,80
23/1/2016 15:40,70
23/1/2016 15:50,80
23/1/2016 16:00,60
23/1/2016 16:10,40
23/1/2016 16:20,50
23/1/2016 16:30,70
23/1/2016 16:40,80
23/1/2016 16:50,120
23/1/2016 17:00,120
23/1/2016 17:10,420
23/1/2016 17:20,410
23/1/2016 17:30,240
23/1/2016 17:40,220
23/1/2016 17:50,60
23/1/2016 18:00,70
23/1/2016 18:10,90
23/1/2016 18:20,110
23/1/2016 18:30,90
23/1/2016 18:40,100
23/1/2016 18:50,90
23/1/2016 19:00,90
23/1/2016 19:10,90
23/1/2016 19:20,70
23/1/2016 19:30,70
23/1/2016 19:40,80
23/1/2016 19:50,100
23/1/2016 20:00,100
23/1/2016 20:10,90
23/1/2016 20:20,110
23/1/2016 20:30,110
23/1/2016 20:40,110
23/1/2016 20:50,110
23/1/2016 21:00,100
23/1/2016 21:10,80
23/1/2016 21:20,90
23/1/2016 21:30,100
23/1/2016 21:40,110
23/1/2016 21:50,100
23/1/2016 22:00,100
23/1/2016 22:10,90
23/1/2016 22:20,70
23/1/2016 22:30,70
23/1/2016 22:40,60
23/1/2016 22:50,50
23/1/2016 23:00,50
23/1/2016 23:10,60
23/1/2016 23:20,80
23/1/2016 23:30,70
23/1/2016 23:40,80
23/1/2016 23:50,80
24/1/2016 0:00,60
24/1/2016 0:10,40
24/1/2016 0:20,40
24/1/2016 0:30,20
24/1/2016 0:40,20
24/1/2016 0:50,30
24/1/2016 1:00,50
24/1/2016 1:10,40
24/1/2016 1:20,50
24/1/2016 1:30,40
24/1/2016 1:40,40
24/1/2016 1:50,40
24/1/2016 2:00,50
24/1/2016 2:10,30
24/1/2016 2:20,30
24/1/2016 2:30,20
24/1/2016 2:40,20
24/1/2016 2:50,40
24/1/2016 3:00,40
24/1/2016 3:10,50
24/1/2016 3:20,40
24/1/2016 3:30,50
24/1/2016 3:40,50
24/1/2016 3:50,40
24/1/2016 4:00,20
24/1/2016 4:10,30
24/1/2016 4:20,20
24/1/2016 4:30,30
24/1/2016 4:40,40
24/1/2016 4:50,50
24/1/2016 5:00,50
24/1/2016 5:10,40
24/1/2016 5:20,40
24/1/2016 5:30,40
24/1/2016 5:40,40
24/1/2016 5:50,30
24/1/2016 6:00,20
24/1/2016 6:10,30
24/1/2016 6:20,30
24/1/2016 6:30,40
24/1/2016 6:40,40
24/1/2016 6:50,50
24/1/2016 7:00,40
24/1/2016 7:10,40
24/1/2016 7:20,40
24/1/2016 7:30,50
24/1/2016 7:40,40
24/1/2016 7:50,220
24/1/2016 8:00,360
24/1/2016 8:10,360
24/1/2016 8:20,590
24/1/2016 8:30,850
24/1/2016 8:40,690
24/1/2016 8:50,800
24/1/2016 9:00,710
24/1/2016 9:10,680
24/1/2016 9:20,290
24/1/2016 9:30,190
24/1/2016 9:40,120
24/1/2016 9:50,140
24/1/2016 10:00,260
24/1/2016 10:10,310
24/1/2016 10:20,230
24/1/2016 10:30,180
24/1/2016 10:40,320
24/1/2016 10:50,620
24/1/2016 11:00,620
24/1/2016 11:10,530
24/1/2016 11:20,180
24/1/2016 11:30,180
24/1/2016 11:40,120
24/1/2016 11:50,140
24/1/2016 12:00,100
24/1/2016 12:10,120
24/1/2016 12:20,100
24/1/2016 12:30,130
24/1/2016 12:40,270
24/1/2016 12:50,520
24/1/2016 13:00,580
24/1/2016 13:10,520
24/1/2016 13:20,350
24/1/2016 13:30,340
24/1/2016 13:40,330
24/1/2016 13:50,290
24/1/2016 14:00,300
24/1/2016 14:10,280
24/1/2016 14:20,220
24/1/2016 14:30,90
24/1/2016 14:40,90
24/1/2016 14:50,100
24/1/2016 15:00,90
24/1/2016 15:10,80
24/1/2016 15:20,80
24/1/2016 15:30,80
24/1/2016 15:40,90
24/1/2016 15:50,90
24/1/2016 16:00,90
24/1/2016 16:10,80
24/1/2016 16:20,70
24/1/2016 16:30,50
24/1/2016 16:40,60
24/1/2016 16:50,40
24/1/2016 17:00,60
24/1/2016 17:10,60
24/1/2016 17:20,140
24/1/2016 17:30,80
24/1/2016 17:40,70
24/1/2016 17:50,60
24/1/2016 18:00,70
24/1/2016 18:10,60
24/1/2016 18:20,70
24/1/2016 18:30,70
24/1/2016 18:40,70
24/1/2016 18:50,60
24/1/2016 19:00,40
24/1/2016 19:10,40
24/1/2016 19:20,60
24/1/2016 19:30,350
24/1/2016 19:40,410
24/1/2016 19:50,80
24/1/2016 20:00,100
24/1/2016 20:10,80
24/1/2016 20:20,270
24/1/2016 20:30,280
24/1/2016 20:40,90
24/1/2016 20:50,90
24/1/2016 21:00,90
24/1/2016 21:10,90
24/1/2016 21:20,80
24/1/2016 21:30,70
24/1/2016 21:40,70
24/1/2016 21:50,90
24/1/2016 22:00,100
24/1/2016 22:10,90
24/1/2016 22:20,280
24/1/2016 22:30,390
24/1/2016 22:40,150
24/1/2016 22:50,50
24/1/2016 23:00,50
24/1/2016 23:10,40
24/1/2016 23:20,50
24/1/2016 23:30,30
24/1/2016 23:40,20
24/1/2016 23:50,40
25/1/2016 0:00,50
25/1/2016 0:10,50
25/1/2016 0:20,50
25/1/2016 0:30,40
25/1/2016 0:40,50
25/1/2016 0:50,50
25/1/2016 1:00,50
25/1/2016 1:10,50
25/1/2016 1:20,60
25/1/2016 1:30,50
25/1/2016 1:40,40
25/1/2016 1:50,40
25/1/2016 2:00,20
25/1/2016 2:10,30
25/1/2016 2:20,40
25/1/2016 2:30,50
25/1/2016 2:40,50
25/1/2016 2:50,60
25/1/2016 3:00,40
25/1/2016 3:10,50
25/1/2016 3:20,50
25/1/2016 3:30,40
25/1/2016 3:40,50
25/1/2016 3:50,60
25/1/2016 4:00,50
25/1/2016 4:10,60
25/1/2016 4:20,30
25/1/2016 4:30,30
25/1/2016 4:40,20
25/1/2016 4:50,40
25/1/2016 5:00,50
25/1/2016 5:10,50
25/1/2016 5:20,60
25/1/2016 5:30,50
25/1/2016 5:40,40
25/1/2016 5:50,50
25/1/2016 6:00,40
25/1/2016 6:10,50
25/1/2016 6:20,40
25/1/2016 6:30,50
25/1/2016 6:40,60
25/1/2016 6:50,30
25/1/2016 7:00,20
25/1/2016 7:10,30
25/1/2016 7:20,50
25/1/2016 7:30,50
25/1/2016 7:40,40
25/1/2016 7:50,60
25/1/2016 8:00,50
25/1/2016 8:10,50
25/1/2016 8:20,50
25/1/2016 8:30,50
25/1/2016 8:40,40
25/1/2016 8:50,50
25/1/2016 9:00,50
25/1/2016 9:10,20
25/1/2016 9:20,40
25/1/2016 9:30,30
25/1/2016 9:40,50
25/1/2016 9:50,40
25/1/2016 10:00,50
25/1/2016 10:10,50
25/1/2016 10:20,40
25/1/2016 10:30,50
25/1/2016 10:40,50
25/1/2016 10:50,60
25/1/2016 11:00,50
25/1/2016 11:10,50
25/1/2016 11:20,40
25/1/2016 11:30,40
25/1/2016 11:40,30
25/1/2016 11:50,20
25/1/2016 12:00,40
25/1/2016 12:10,50
25/1/2016 12:20,60
25/1/2016 12:30,40
25/1/2016 12:40,50
25/1/2016 12:50,50
25/1/2016 13:00,40
25/1/2016 13:10,50
25/1/2016 13:20,60
25/1/2016 13:30,50
25/1/2016 13:40,60
25/1/2016 13:50,40
25/1/2016 14:00,50
25/1/2016 14:10,30
25/1/2016 14:20,30
25/1/2016 14:30,20
25/1/2016 14:40,40
25/1/2016 14:50,60
25/1/2016 15:00,50
25/1/2016 15:10,50
25/1/2016 15:20,50
25/1/2016 15:30,40
25/1/2016 15:40,50
25/1/2016 15:50,50
25/1/2016 16:00,40
25/1/2016 16:10,60
25/1/2016 16:20,50
25/1/2016 16:30,50
25/1/2016 16:40,50
25/1/2016 16:50,50
25/1/2016 17:00,30
25/1/2016 17:10,30
25/1/2016 17:20,30
25/1/2016 17:30,40
25/1/2016 17:40,60
25/1/2016 17:50,50
25/1/2016 18:00,50
25/1/2016 18:10,40
25/1/2016 18:20,50
25/1/2016 18:30,40
25/1/2016 18:40,50
25/1/2016 18:50,50
25/1/2016 19:00,50
25/1/2016 19:10,60
25/1/2016 19:20,50
25/1/2016 19:30,40
25/1/2016 19:40,360
25/1/2016 19:50,380
25/1/2016 20:00,390
25/1/2016 20:10,390
25/1/2016 20:20,320
25/1/2016 20:30,80
25/1/2016 20:40,70
25/1/2016 20:50,80
25/1/2016 21:00,80
25/1/2016 21:10,70
25/1/2016 21:20,80
25/1/2016 21:30,80
25/1/2016 21:40,80
25/1/2016 21:50,80
25/1/2016 22:00,60
25/1/2016 22:10,50
25/1/2016 22:20,40
25/1/2016 22:30,70
25/1/2016 22:40,80
25/1/2016 22:50,80
25/1/2016 23:00,90
25/1/2016 23:10,80
25/1/2016 23:20,130
25/1/2016 23:30,370
25/1/2016 23:40,370
25/1/2016 23:50,160
26/1/2016 0:00,250
26/1/2016 0:10,380
26/1/2016 0:20,380
26/1/2016 0:30,100
26/1/2016 0:40,40
26/1/2016 0:50,30
26/1/2016 1:00,30
26/1/2016 1:10,30
26/1/2016 1:20,50
26/1/2016 1:30,50
26/1/2016 1:40,50
26/1/2016 1:50,50
26/1/2016 2:00,50
26/1/2016 2:10,40
26/1/2016 2:20,50
26/1/2016 2:30,40
26/1/2016 2:40,40
26/1/2016 2:50,50
26/1/2016 3:00,50
26/1/2016 3:10,50
26/1/2016 3:20,40
26/1/2016 3:30,20
26/1/2016 3:40,20
26/1/2016 3:50,30
26/1/2016 4:00,50
26/1/2016 4:10,50
26/1/2016 4:20,50
26/1/2016 4:30,50
26/1/2016 4:40,50
26/1/2016 4:50,40
26/1/2016 5:00,40
26/1/2016 5:10,40
26/1/2016 5:20,50
26/1/2016 5:30,50
26/1/2016 5:40,50
26/1/2016 5:50,50
26/1/2016 6:00,20
26/1/2016 6:10,20
26/1/2016 6:20,20
26/1/2016 6:30,40
26/1/2016 6:40,50
26/1/2016 6:50,50
26/1/2016 7:00,50
26/1/2016 7:10,50
26/1/2016 7:20,40
26/1/2016 7:30,40
26/1/2016 7:40,70
26/1/2016 7:50,380
26/1/2016 8:00,190
26/1/2016 8:10,60
26/1/2016 8:20,60
26/1/2016 8:30,40
26/1/2016 8:40,20
26/1/2016 8:50,20
26/1/2016 9:00,40
26/1/2016 9:10,40
26/1/2016 9:20,40
26/1/2016 9:30,50
26/1/2016 9:40,50
26/1/2016 9:50,40
26/1/2016 10:00,50
26/1/2016 10:10,40
26/1/2016 10:20,30
26/1/2016 10:30,50
26/1/2016 10:40,40
26/1/2016 10:50,40
26/1/2016 11:00,50
26/1/2016 11:10,30
26/1/2016 11:20,20
26/1/2016 11:30,20
26/1/2016 11:40,40
26/1/2016 11:50,40
26/1/2016 12:00,40
26/1/2016 12:10,50
26/1/2016 12:20,40
26/1/2016 12:30,50
26/1/2016 12:40,50
26/1/2016 12:50,40
26/1/2016 13:00,40
26/1/2016 13:10,40
26/1/2016 13:20,40
26/1/2016 13:30,50
26/1/2016 13:40,50
26/1/2016 13:50,30
26/1/2016 14:00,20
26/1/2016 14:10,20
26/1/2016 14:20,30
26/1/2016 14:30,40
26/1/2016 14:40,50
26/1/2016 14:50,40
26/1/2016 15:00,50
26/1/2016 15:10,50
26/1/2016 15:20,40
26/1/2016 15:30,50
26/1/2016 15:40,40
26/1/2016 15:50,30
26/1/2016 16:00,50
26/1/2016 16:10,40
26/1/2016 16:20,50
26/1/2016 16:30,40
26/1/2016 16:40,50
26/1/2016 16:50,40
26/1/2016 17:00,20
26/1/2016 17:10,20
26/1/2016 17:20,20
26/1/2016 17:30,40
26/1/2016 17:40,50
26/1/2016 17:50,50
26/1/2016 18:00,50
26/1/2016 18:10,40
26/1/2016 18:20,40
26/1/2016 18:30,40
26/1/2016 18:40,40
26/1/2016 18:50,40
26/1/2016 19:00,50
26/1/2016 19:10,40
26/1/2016 19:20,40
26/1/2016 19:30,20
26/1/2016 19:40,20
26/1/2016 19:50,30
26/1/2016 20:00,20
26/1/2016 20:10,50
26/1/2016 20:20,50
26/1/2016 20:30,60
26/1/2016 20:40,540
26/1/2016 20:50,610
26/1/2016 21:00,90
26/1/2016 21:10,50
26/1/2016 21:20,60
26/1/2016 21:30,60
26/1/2016 21:40,70
26/1/2016 21:50,70
26/1/2016 22:00,60
26/1/2016 22:10,70
26/1/2016 22:20,40
26/1/2016 22:30,40
26/1/2016 22:40,40
26/1/2016 22:50,310
26/1/2016 23:00,390
26/1/2016 23:10,380
26/1/2016 23:20,370
26/1/2016 23:30,370
26/1/2016 23:40,90
26/1/2016 23:50,60
27/1/2016 0:00,50
27/1/2016 0:10,50
27/1/2016 0:20,50
27/1/2016 0:30,40
27/1/2016 0:40,50
27/1/2016 0:50,30
27/1/2016 1:00,20
27/1/2016 1:10,20
27/1/2016 1:20,30
27/1/2016 1:30,40
27/1/2016 1:40,50
27/1/2016 1:50,50
27/1/2016 2:00,40
27/1/2016 2:10,40
27/1/2016 2:20,40
27/1/2016 2:30,40
27/1/2016 2:40,40
27/1/2016 2:50,40
27/1/2016 3:00,20
27/1/2016 3:10,30
27/1/2016 3:20,20
27/1/2016 3:30,40
27/1/2016 3:40,40
27/1/2016 3:50,40
27/1/2016 4:00,40
27/1/2016 4:10,50
27/1/2016 4:20,50
27/1/2016 4:30,40
27/1/2016 4:40,40
27/1/2016 4:50,30
27/1/2016 5:00,20
27/1/2016 5:10,20
27/1/2016 5:20,20
27/1/2016 5:30,50
27/1/2016 5:40,50
27/1/2016 5:50,40
27/1/2016 6:00,40
27/1/2016 6:10,50
27/1/2016 6:20,40
27/1/2016 6:30,40
27/1/2016 6:40,40
27/1/2016 6:50,20
27/1/2016 7:00,60
27/1/2016 7:10,20
27/1/2016 7:20,40
27/1/2016 7:30,110
27/1/2016 7:40,310
27/1/2016 7:50,50
27/1/2016 8:00,60
27/1/2016 8:10,60
27/1/2016 8:20,60
27/1/2016 8:30,60
27/1/2016 8:40,60
27/1/2016 8:50,60
27/1/2016 9:00,50
27/1/2016 9:10,60
27/1/2016 9:20,40
27/1/2016 9:30,50
27/1/2016 9:40,390
27/1/2016 9:50,340
27/1/2016 10:00,40
27/1/2016 10:10,20
27/1/2016 10:20,20
27/1/2016 10:30,20
27/1/2016 10:40,30
27/1/2016 10:50,40
27/1/2016 11:00,50
27/1/2016 11:10,50
27/1/2016 11:20,40
27/1/2016 11:30,40
27/1/2016 11:40,40
27/1/2016 11:50,40
27/1/2016 12:00,40
27/1/2016 12:10,40
27/1/2016 12:20,30
27/1/2016 12:30,30
27/1/2016 12:40,30
27/1/2016 12:50,20
27/1/2016 13:00,40
27/1/2016 13:10,40
27/1/2016 13:20,40
27/1/2016 13:30,40
27/1/2016 13:40,50
27/1/2016 13:50,40
27/1/2016 14:00,60
27/1/2016 14:10,40
27/1/2016 14:20,30
27/1/2016 14:30,40
27/1/2016 14:40,40
27/1/2016 14:50,40
27/1/2016 15:00,30
27/1/2016 15:10,20
27/1/2016 15:20,30
27/1/2016 15:30,20
27/1/2016 15:40,50
27/1/2016 15:50,40
27/1/2016 16:00,30
27/1/2016 16:10,50
27/1/2016 16:20,40
27/1/2016 16:30,40
27/1/2016 16:40,50
27/1/2016 16:50,40
27/1/2016 17:00,40
27/1/2016 17:10,40
27/1/2016 17:20,40
27/1/2016 17:30,30
27/1/2016 17:40,30
27/1/2016 17:50,20
27/1/2016 18:00,30
27/1/2016 18:10,40
27/1/2016 18:20,40
27/1/2016 18:30,50
27/1/2016 18:40,40
27/1/2016 18:50,40
27/1/2016 19:00,40
27/1/2016 19:10,40
27/1/2016 19:20,50
27/1/2016 19:30,40
27/1/2016 19:40,30
27/1/2016 19:50,40
27/1/2016 20:00,30
27/1/2016 20:10,20
27/1/2016 20:20,20
27/1/2016 20:30,30
27/1/2016 20:40,40
27/1/2016 20:50,40
27/1/2016 21:00,50
27/1/2016 21:10,30
27/1/2016 21:20,40
27/1/2016 21:30,40
27/1/2016 21:40,50
27/1/2016 21:50,40
27/1/2016 22:00,50
27/1/2016 22:10,40
27/1/2016 22:20,40
27/1/2016 22:30,40
27/1/2016 22:40,30
27/1/2016 22:50,30
27/1/2016 23:00,20
27/1/2016 23:10,30
27/1/2016 23:20,20
27/1/2016 23:30,50
27/1/2016 23:40,40
27/1/2016 23:50,40
28/1/2016 0:00,40
28/1/2016 0:10,40
28/1/2016 0:20,40
28/1/2016 0:30,50
28/1/2016 0:40,50
28/1/2016 0:50,40
28/1/2016 1:00,40
28/1/2016 1:10,40
28/1/2016 1:20,20
28/1/2016 1:30,20
28/1/2016 1:40,30
28/1/2016 1:50,30
28/1/2016 2:00,50
28/1/2016 2:10,50
28/1/2016 2:20,30
28/1/2016 2:30,40
28/1/2016 2:40,50
28/1/2016 2:50,30
28/1/2016 3:00,50
28/1/2016 3:10,50
28/1/2016 3:20,40
28/1/2016 3:30,40
28/1/2016 3:40,40
28/1/2016 3:50,30
28/1/2016 4:00,10
28/1/2016 4:10,20
28/1/2016 4:20,30
28/1/2016 4:30,50
28/1/2016 4:40,50
28/1/2016 4:50,40
28/1/2016 5:00,40
28/1/2016 5:10,40
28/1/2016 5:20,40
28/1/2016 5:30,40
28/1/2016 5:40,40
28/1/2016 5:50,50
28/1/2016 6:00,40
28/1/2016 6:10,40
28/1/2016 6:20,20
28/1/2016 6:30,20
28/1/2016 6:40,20
28/1/2016 6:50,40
28/1/2016 7:00,50
28/1/2016 7:10,40
28/1/2016 7:20,40
28/1/2016 7:30,40
28/1/2016 7:40,40
28/1/2016 7:50,30
28/1/2016 8:00,40
28/1/2016 8:10,50
28/1/2016 8:20,30
28/1/2016 8:30,40
28/1/2016 8:40,10
28/1/2016 8:50,20
28/1/2016 9:00,40
28/1/2016 9:10,40
28/1/2016 9:20,40
28/1/2016 9:30,50
28/1/2016 9:40,50
28/1/2016 9:50,40
28/1/2016 10:00,40
28/1/2016 10:10,40
28/1/2016 10:20,40
28/1/2016 10:30,30
28/1/2016 10:40,20
28/1/2016 10:50,20
28/1/2016 11:00,30
28/1/2016 11:10,50
28/1/2016 11:20,40
28/1/2016 11:30,40
28/1/2016 11:40,40
28/1/2016 11:50,50
28/1/2016 12:00,40
28/1/2016 12:10,40
28/1/2016 12:20,50
28/1/2016 12:30,50
28/1/2016 12:40,40
28/1/2016 12:50,30
28/1/2016 13:00,10
28/1/2016 13:10,20
28/1/2016 13:20,30
28/1/2016 13:30,50
28/1/2016 13:40,50
28/1/2016 13:50,40
28/1/2016 14:00,50
28/1/2016 14:10,40
28/1/2016 14:20,40
28/1/2016 14:30,40
28/1/2016 14:40,40
28/1/2016 14:50,50
28/1/2016 15:00,50
28/1/2016 15:10,20
28/1/2016 15:20,20
28/1/2016 15:30,20
28/1/2016 15:40,20
28/1/2016 15:50,40
28/1/2016 16:00,50
28/1/2016 16:10,50
28/1/2016 16:20,40
28/1/2016 16:30,50
28/1/2016 16:40,30
28/1/2016 16:50,40
28/1/2016 17:00,40
28/1/2016 17:10,40
28/1/2016 17:20,40
28/1/2016 17:30,50
28/1/2016 17:40,50
28/1/2016 17:50,30
28/1/2016 18:00,20
28/1/2016 18:10,20
28/1/2016 18:20,20
28/1/2016 18:30,50
28/1/2016 18:40,40
28/1/2016 18:50,50
28/1/2016 19:00,50
28/1/2016 19:10,40
28/1/2016 19:20,40
28/1/2016 19:30,40
28/1/2016 19:40,40
28/1/2016 19:50,30
28/1/2016 20:00,20
28/1/2016 20:10,20
28/1/2016 20:20,30
28/1/2016 20:30,40
28/1/2016 20:40,40
28/1/2016 20:50,50
28/1/2016 21:00,30
28/1/2016 21:10,40
28/1/2016 21:20,50
28/1/2016 21:30,40
28/1/2016 21:40,50
28/1/2016 21:50,40
28/1/2016 22:00,40
28/1/2016 22:10,40
28/1/2016 22:20,20
28/1/2016 22:30,20
28/1/2016 22:40,30
28/1/2016 22:50,20
28/1/2016 23:00,50
28/1/2016 23:10,40
28/1/2016 23:20,40
28/1/2016 23:30,40
28/1/2016 23:40,40
28/1/2016 23:50,40
29/1/2016 0:00,50
29/1/2016 0:10,50
29/1/2016 0:20,40
29/1/2016 0:30,20
29/1/2016 0:40,20
29/1/2016 0:50,20
29/1/2016 1:00,30
29/1/2016 1:10,50
29/1/2016 1:20,50
29/1/2016 1:30,40
29/1/2016 1:40,50
29/1/2016 1:50,40
29/1/2016 2:00,40
29/1/2016 2:10,40
29/1/2016 2:20,40
29/1/2016 2:30,40
29/1/2016 2:40,50
29/1/2016 2:50,40
29/1/2016 3:00,20
29/1/2016 3:10,20
29/1/2016 3:20,20
29/1/2016 3:30,30
29/1/2016 3:40,50
29/1/2016 3:50,40
29/1/2016 4:00,50
29/1/2016 4:10,40
29/1/2016 4:20,50
29/1/2016 4:30,40
29/1/2016 4:40,40
29/1/2016 4:50,20
29/1/2016 5:00,30
29/1/2016 5:10,20
29/1/2016 5:20,20
29/1/2016 5:30,50
29/1/2016 5:40,40
29/1/2016 5:50,40
29/1/2016 6:00,40
29/1/2016 6:10,40
29/1/2016 6:20,40
29/1/2016 6:30,40
29/1/2016 6:40,50
29/1/2016 6:50,50
29/1/2016 7:00,20
29/1/2016 7:10,20
29/1/2016 7:20,20
29/1/2016 7:30,30
29/1/2016 7:40,40
29/1/2016 7:50,40
29/1/2016 8:00,50
29/1/2016 8:10,40
29/1/2016 8:20,40
29/1/2016 8:30,40
29/1/2016 8:40,40
29/1/2016 8:50,40
29/1/2016 9:00,40
29/1/2016 9:10,20
29/1/2016 9:20,20
29/1/2016 9:30,30
29/1/2016 9:40,40
29/1/2016 9:50,40
29/1/2016 10:00,40
29/1/2016 10:10,40
29/1/2016 10:20,40
29/1/2016 10:30,40
29/1/2016 10:40,50
29/1/2016 10:50,40
29/1/2016 11:00,40
29/1/2016 11:10,30
29/1/2016 11:20,20
29/1/2016 11:30,20
29/1/2016 11:40,10
29/1/2016 11:50,60
29/1/2016 12:00,40
29/1/2016 12:10,40
29/1/2016 12:20,50
29/1/2016 12:30,40
29/1/2016 12:40,40
29/1/2016 12:50,40
29/1/2016 13:00,40
29/1/2016 13:10,50
29/1/2016 13:20,20
29/1/2016 13:30,30
29/1/2016 13:40,20
29/1/2016 13:50,20
29/1/2016 14:00,40
29/1/2016 14:10,50
29/1/2016 14:20,40
29/1/2016 14:30,40
29/1/2016 14:40,50
29/1/2016 14:50,50
29/1/2016 15:00,30
29/1/2016 15:10,40
29/1/2016 15:20,30
29/1/2016 15:30,20
29/1/2016 15:40,20
29/1/2016 15:50,30
29/1/2016 16:00,40
29/1/2016 16:10,50
29/1/2016 16:20,40
29/1/2016 16:30,40
29/1/2016 16:40,50
29/1/2016 16:50,60
29/1/2016 17:00,70
29/1/2016 17:10,60
29/1/2016 17:20,70
29/1/2016 17:30,70
29/1/2016 17:40,70
29/1/2016 17:50,50
29/1/2016 18:00,70
29/1/2016 18:10,80
29/1/2016 18:20,110
29/1/2016 18:30,80
29/1/2016 18:40,90
29/1/2016 18:50,80
29/1/2016 19:00,80
29/1/2016 19:10,70
29/1/2016 19:20,80
29/1/2016 19:30,90
29/1/2016 19:40,100
29/1/2016 19:50,110
29/1/2016 20:00,90
29/1/2016 20:10,80
29/1/2016 20:20,70
29/1/2016 20:30,60
29/1/2016 20:40,80
29/1/2016 20:50,80
29/1/2016 21:00,80
29/1/2016 21:10,90
29/1/2016 21:20,80
29/1/2016 21:30,90
29/1/2016 21:40,80
29/1/2016 21:50,60
29/1/2016 22:00,70
29/1/2016 22:10,70
29/1/2016 22:20,70
29/1/2016 22:30,80
29/1/2016 22:40,80
29/1/2016 22:50,50
29/1/2016 23:00,50
29/1/2016 23:10,60
29/1/2016 23:20,50
29/1/2016 23:30,80
29/1/2016 23:40,60
29/1/2016 23:50,50
30/1/2016 0:00,50
30/1/2016 0:10,40
30/1/2016 0:20,40
30/1/2016 0:30,40
30/1/2016 0:40,40
30/1/2016 0:50,50
30/1/2016 1:00,40
30/1/2016 1:10,40
30/1/2016 1:20,30
30/1/2016 1:30,20
30/1/2016 1:40,20
30/1/2016 1:50,50
30/1/2016 2:00,40
30/1/2016 2:10,40
30/1/2016 2:20,40
30/1/2016 2:30,50
30/1/2016 2:40,50
30/1/2016 2:50,50
30/1/2016 3:00,30
30/1/2016 3:10,40
30/1/2016 3:20,40
30/1/2016 3:30,40
30/1/2016 3:40,50
30/1/2016 3:50,20
30/1/2016 4:00,30
30/1/2016 4:10,20
30/1/2016 4:20,30
30/1/2016 4:30,40
30/1/2016 4:40,40
30/1/2016 4:50,50
30/1/2016 5:00,40
30/1/2016 5:10,50
30/1/2016 5:20,40
30/1/2016 5:30,40
30/1/2016 5:40,50
30/1/2016 5:50,30
30/1/2016 6:00,40
30/1/2016 6:10,40
30/1/2016 6:20,50
30/1/2016 6:30,40
30/1/2016 6:40,50
30/1/2016 6:50,30
30/1/2016 7:00,20
30/1/2016 7:10,20
30/1/2016 7:20,20
30/1/2016 7:30,40
30/1/2016 7:40,40
30/1/2016 7:50,50
30/1/2016 8:00,50
30/1/2016 8:10,40
30/1/2016 8:20,40
30/1/2016 8:30,60
30/1/2016 8:40,50
30/1/2016 8:50,40
30/1/2016 9:00,50
30/1/2016 9:10,50
30/1/2016 9:20,40
30/1/2016 9:30,30
30/1/2016 9:40,30
30/1/2016 9:50,60
30/1/2016 10:00,50
30/1/2016 10:10,40
30/1/2016 10:20,40
30/1/2016 10:30,100
30/1/2016 10:40,60
30/1/2016 10:50,50
30/1/2016 11:00,40
30/1/2016 11:10,50
30/1/2016 11:20,40
30/1/2016 11:30,50
30/1/2016 11:40,180
30/1/2016 11:50,100
30/1/2016 12:00,80
30/1/2016 12:10,200
30/1/2016 12:20,80
30/1/2016 12:30,70
30/1/2016 12:40,80
30/1/2016 12:50,70
30/1/2016 13:00,90
30/1/2016 13:10,220
30/1/2016 13:20,430
30/1/2016 13:30,400
30/1/2016 13:40,410
30/1/2016 13:50,420
30/1/2016 14:00,420
30/1/2016 14:10,140
30/1/2016 14:20,130
30/1/2016 14:30,130
30/1/2016 14:40,440
30/1/2016 14:50,320
30/1/2016 15:00,400
30/1/2016 15:10,230
30/1/2016 15:20,130
30/1/2016 15:30,100
30/1/2016 15:40,100
30/1/2016 15:50,110
30/1/2016 16:00,110
30/1/2016 16:10,120
30/1/2016 16:20,100
30/1/2016 16:30,160
30/1/2016 16:40,510
30/1/2016 16:50,450
30/1/2016 17:00,670
30/1/2016 17:10,660
30/1/2016 17:20,630
30/1/2016 17:30,610
30/1/2016 17:40,590
30/1/2016 17:50,260
30/1/2016 18:00,120
30/1/2016 18:10,250
30/1/2016 18:20,400
30/1/2016 18:30,120
30/1/2016 18:40,120
30/1/2016 18:50,190
30/1/2016 19:00,670
30/1/2016 19:10,780
30/1/2016 19:20,620
30/1/2016 19:30,210
30/1/2016 19:40,110
30/1/2016 19:50,100
30/1/2016 20:00,90
30/1/2016 20:10,90
30/1/2016 20:20,100
30/1/2016 20:30,100
30/1/2016 20:40,110
30/1/2016 20:50,100
30/1/2016 21:00,110
30/1/2016 21:10,100
30/1/2016 21:20,100
30/1/2016 21:30,90
30/1/2016 21:40,90
30/1/2016 21:50,90
30/1/2016 22:00,90
30/1/2016 22:10,70
30/1/2016 22:20,60
30/1/2016 22:30,70
30/1/2016 22:40,50
30/1/2016 22:50,50
30/1/2016 23:00,50
30/1/2016 23:10,50
30/1/2016 23:20,60
30/1/2016 23:30,40
30/1/2016 23:40,40
30/1/2016 23:50,40
31/1/2016 0:00,50
31/1/2016 0:10,40
31/1/2016 0:20,50
31/1/2016 0:30,50
31/1/2016 0:40,50
31/1/2016 0:50,40
31/1/2016 1:00,50
31/1/2016 1:10,40
31/1/2016 1:20,30
31/1/2016 1:30,30
31/1/2016 1:40,30
31/1/2016 1:50,30
31/1/2016 2:00,50
31/1/2016 2:10,50
31/1/2016 2:20,40
31/1/2016 2:30,40
31/1/2016 2:40,50
31/1/2016 2:50,40
31/1/2016 3:00,60
31/1/2016 3:10,50
31/1/2016 3:20,40
31/1/2016 3:30,50
31/1/2016 3:40,40
31/1/2016 3:50,40
31/1/2016 4:00,50
31/1/2016 4:10,30
31/1/2016 4:20,30
31/1/2016 4:30,30
31/1/2016 4:40,30
31/1/2016 4:50,50
31/1/2016 5:00,40
31/1/2016 5:10,40
31/1/2016 5:20,50
31/1/2016 5:30,50
31/1/2016 5:40,40
31/1/2016 5:50,60
31/1/2016 6:00,40
31/1/2016 6:10,50
31/1/2016 6:20,40
31/1/2016 6:30,40
31/1/2016 6:40,50
31/1/2016 6:50,40
31/1/2016 7:00,40
31/1/2016 7:10,40
31/1/2016 7:20,30
31/1/2016 7:30,20
31/1/2016 7:40,40
31/1/2016 7:50,40
31/1/2016 8:00,190
31/1/2016 8:10,150
31/1/2016 8:20,350
31/1/2016 8:30,70
31/1/2016 8:40,90
31/1/2016 8:50,80
31/1/2016 9:00,60
31/1/2016 9:10,50
31/1/2016 9:20,360
31/1/2016 9:30,440
31/1/2016 9:40,440
31/1/2016 9:50,450
31/1/2016 10:00,440
31/1/2016 10:10,140
31/1/2016 10:20,190
31/1/2016 10:30,450
31/1/2016 10:40,360
31/1/2016 10:50,110
31/1/2016 11:00,70
31/1/2016 11:10,130
31/1/2016 11:20,70
31/1/2016 11:30,60
31/1/2016 11:40,140
31/1/2016 11:50,130
31/1/2016 12:00,210
31/1/2016 12:10,530
31/1/2016 12:20,410
31/1/2016 12:30,480
31/1/2016 12:40,410
31/1/2016 12:50,320
31/1/2016 13:00,310
31/1/2016 13:10,290
31/1/2016 13:20,220
31/1/2016 13:30,130
31/1/2016 13:40,130
31/1/2016 13:50,130
31/1/2016 14:00,130
31/1/2016 14:10,120
31/1/2016 14:20,90
31/1/2016 14:30,90
31/1/2016 14:40,80
31/1/2016 14:50,80
31/1/2016 15:00,90
31/1/2016 15:10,170
31/1/2016 15:20,90
31/1/2016 15:30,110
31/1/2016 15:40,90
31/1/2016 15:50,140
31/1/2016 16:00,160
31/1/2016 16:10,100
31/1/2016 16:20,110
31/1/2016 16:30,180
31/1/2016 16:40,400
31/1/2016 16:50,130
31/1/2016 17:00,150
31/1/2016 17:10,140
31/1/2016 17:20,140
31/1/2016 17:30,150
31/1/2016 17:40,190
31/1/2016 17:50,140
31/1/2016 18:00,140
31/1/2016 18:10,150
31/1/2016 18:20,130
31/1/2016 18:30,180
31/1/2016 18:40,640
31/1/2016 18:50,650
31/1/2016 19:00,140
31/1/2016 19:10,80
31/1/2016 19:20,90
31/1/2016 19:30,130
31/1/2016 19:40,130
31/1/2016 19:50,140
31/1/2016 20:00,120
31/1/2016 20:10,130
31/1/2016 20:20,140
31/1/2016 20:30,110
31/1/2016 20:40,200
31/1/2016 20:50,220
31/1/2016 21:00,120
31/1/2016 21:10,100
31/1/2016 21:20,100
31/1/2016 21:30,90
31/1/2016 21:40,100
31/1/2016 21:50,90
31/1/2016 22:00,100
31/1/2016 22:10,90
31/1/2016 22:20,70
31/1/2016 22:30,70
31/1/2016 22:40,60
31/1/2016 22:50,30
31/1/2016 23:00,20
31/1/2016 23:10,20
31/1/2016 23:20,30
31/1/2016 23:30,50
31/1/2016 23:40,60
31/1/2016 23:50,50
1/2/2016 0:00,40
1/2/2016 0:10,50
1/2/2016 0:20,40
1/2/2016 0:30,50
1/2/2016 0:40,40
1/2/2016 0:50,50
1/2/2016 1:00,60
1/2/2016 1:10,50
1/2/2016 1:20,40
1/2/2016 1:30,50
1/2/2016 1:40,40
1/2/2016 1:50,40
1/2/2016 2:00,50
1/2/2016 2:10,50
1/2/2016 2:20,40
1/2/2016 2:30,30
1/2/2016 2:40,20
1/2/2016 2:50,40
1/2/2016 3:00,40
1/2/2016 3:10,50
1/2/2016 3:20,40
1/2/2016 3:30,50
1/2/2016 3:40,50
1/2/2016 3:50,60
1/2/2016 4:00,50
1/2/2016 4:10,40
1/2/2016 4:20,50
1/2/2016 4:30,40
1/2/2016 4:40,50
1/2/2016 4:50,40
1/2/2016 5:00,50
1/2/2016 5:10,50
1/2/2016 5:20,50
1/2/2016 5:30,40
1/2/2016 5:40,50
1/2/2016 5:50,40
1/2/2016 6:00,30
1/2/2016 6:10,20
1/2/2016 6:20,30
1/2/2016 6:30,40
1/2/2016 6:40,50
1/2/2016 6:50,50
1/2/2016 7:00,40
1/2/2016 7:10,40
1/2/2016 7:20,60
1/2/2016 7:30,120
1/2/2016 7:40,370
1/2/2016 7:50,350
1/2/2016 8:00,330
1/2/2016 8:10,60
1/2/2016 8:20,50
1/2/2016 8:30,40
1/2/2016 8:40,40
1/2/2016 8:50,40
1/2/2016 9:00,40
1/2/2016 9:10,50
1/2/2016 9:20,50
1/2/2016 9:30,80
1/2/2016 9:40,140
1/2/2016 9:50,330
1/2/2016 10:00,160
1/2/2016 10:10,80
1/2/2016 10:20,30
1/2/2016 10:30,60
1/2/2016 10:40,60
1/2/2016 10:50,60
1/2/2016 11:00,70
1/2/2016 11:10,40
1/2/2016 11:20,470
1/2/2016 11:30,710
1/2/2016 11:40,480
1/2/2016 11:50,360
1/2/2016 12:00,340
1/2/2016 12:10,300
1/2/2016 12:20,230
1/2/2016 12:30,260
1/2/2016 12:40,420
1/2/2016 12:50,170
1/2/2016 13:00,80
1/2/2016 13:10,70
1/2/2016 13:20,390
1/2/2016 13:30,640
1/2/2016 13:40,510
1/2/2016 13:50,300
1/2/2016 14:00,260
1/2/2016 14:10,260
1/2/2016 14:20,220
1/2/2016 14:30,190
1/2/2016 14:40,300
1/2/2016 14:50,430
1/2/2016 15:00,700
1/2/2016 15:10,570
1/2/2016 15:20,330
1/2/2016 15:30,280
1/2/2016 15:40,260
1/2/2016 15:50,240
1/2/2016 16:00,230
1/2/2016 16:10,220
1/2/2016 16:20,100
1/2/2016 16:30,270
1/2/2016 16:40,330
1/2/2016 16:50,260
1/2/2016 17:00,310
1/2/2016 17:10,430
1/2/2016 17:20,420
1/2/2016 17:30,190
1/2/2016 17:40,110
1/2/2016 17:50,120
1/2/2016 18:00,120
1/2/2016 18:10,110
1/2/2016 18:20,120
1/2/2016 18:30,120
1/2/2016 18:40,150
1/2/2016 18:50,490
1/2/2016 19:00,580
1/2/2016 19:10,350
1/2/2016 19:20,80
1/2/2016 19:30,90
1/2/2016 19:40,80
1/2/2016 19:50,180
1/2/2016 20:00,400
1/2/2016 20:10,300
1/2/2016 20:20,90
1/2/2016 20:30,80
1/2/2016 20:40,70
1/2/2016 20:50,60
1/2/2016 21:00,80
1/2/2016 21:10,80
1/2/2016 21:20,70
1/2/2016 21:30,80
1/2/2016 21:40,70
1/2/2016 21:50,230
1/2/2016 22:00,350
1/2/2016 22:10,70
1/2/2016 22:20,50
1/2/2016 22:30,60
1/2/2016 22:40,60
1/2/2016 22:50,70
1/2/2016 23:00,60
1/2/2016 23:10,50
1/2/2016 23:20,50
1/2/2016 23:30,60
1/2/2016 23:40,50
1/2/2016 23:50,50
2/2/2016 0:00,70
2/2/2016 0:10,70
2/2/2016 0:20,60
2/2/2016 0:30,60
2/2/2016 0:40,60
2/2/2016 0:50,50
2/2/2016 1:00,60
2/2/2016 1:10,50
2/2/2016 1:20,40
2/2/2016 1:30,50
2/2/2016 1:40,50
2/2/2016 1:50,50
2/2/2016 2:00,50
2/2/2016 2:10,40
2/2/2016 2:20,50
2/2/2016 2:30,40
2/2/2016 2:40,40
2/2/2016 2:50,50
2/2/2016 3:00,40
2/2/2016 3:10,50
2/2/2016 3:20,50
2/2/2016 3:30,50
2/2/2016 3:40,50
2/2/2016 3:50,40
2/2/2016 4:00,40
2/2/2016 4:10,40
2/2/2016 4:20,50
2/2/2016 4:30,50
2/2/2016 4:40,40
2/2/2016 4:50,50
2/2/2016 5:00,50
2/2/2016 5:10,40
2/2/2016 5:20,50
2/2/2016 5:30,40
2/2/2016 5:40,40
2/2/2016 5:50,40
2/2/2016 6:00,50
2/2/2016 6:10,50
2/2/2016 6:20,50
2/2/2016 6:30,50
2/2/2016 6:40,40
2/2/2016 6:50,40
2/2/2016 7:00,50
2/2/2016 7:10,50
2/2/2016 7:20,50
2/2/2016 7:30,60
2/2/2016 7:40,60
2/2/2016 7:50,60
2/2/2016 8:00,70
2/2/2016 8:10,320
2/2/2016 8:20,200
2/2/2016 8:30,60
2/2/2016 8:40,40
2/2/2016 8:50,50
2/2/2016 9:00,60
2/2/2016 9:10,80
2/2/2016 9:20,60
2/2/2016 9:30,70
2/2/2016 9:40,60
2/2/2016 9:50,50
2/2/2016 10:00,60
2/2/2016 10:10,60
2/2/2016 10:20,60
2/2/2016 10:30,60
2/2/2016 10:40,80
2/2/2016 10:50,80
2/2/2016 11:00,80
2/2/2016 11:10,70
2/2/2016 11:20,70
2/2/2016 11:30,130
2/2/2016 11:40,70
2/2/2016 11:50,70
2/2/2016 12:00,60
2/2/2016 12:10,60
2/2/2016 12:20,60
2/2/2016 12:30,60
2/2/2016 12:40,60
2/2/2016 12:50,50
2/2/2016 13:00,90
2/2/2016 13:10,70
2/2/2016 13:20,50
2/2/2016 13:30,50
2/2/2016 13:40,50
2/2/2016 13:50,40
2/2/2016 14:00,70
2/2/2016 14:10,180
2/2/2016 14:20,50
2/2/2016 14:30,60
2/2/2016 14:40,150
2/2/2016 14:50,130
2/2/2016 15:00,60
2/2/2016 15:10,50
2/2/2016 15:20,50
2/2/2016 15:30,40
2/2/2016 15:40,90
2/2/2016 15:50,70
2/2/2016 16:00,60
2/2/2016 16:10,70
2/2/2016 16:20,70
2/2/2016 16:30,60
2/2/2016 16:40,70
2/2/2016 16:50,60
2/2/2016 17:00,40
2/2/2016 17:10,40
2/2/2016 17:20,50
2/2/2016 17:30,90
2/2/2016 17:40,90
2/2/2016 17:50,90
2/2/2016 18:00,100
2/2/2016 18:10,100
2/2/2016 18:20,90
2/2/2016 18:30,170
2/2/2016 18:40,600
2/2/2016 18:50,510
2/2/2016 19:00,110
2/2/2016 19:10,100
2/2/2016 19:20,100
2/2/2016 19:30,110
2/2/2016 19:40,190
2/2/2016 19:50,140
2/2/2016 20:00,90
2/2/2016 20:10,90
2/2/2016 20:20,90
2/2/2016 20:30,90
2/2/2016 20:40,120
2/2/2016 20:50,110
2/2/2016 21:00,120
2/2/2016 21:10,110
2/2/2016 21:20,100
2/2/2016 21:30,90
2/2/2016 21:40,90
2/2/2016 21:50,80
2/2/2016 22:00,100
2/2/2016 22:10,90
2/2/2016 22:20,80
2/2/2016 22:30,100
2/2/2016 22:40,100
2/2/2016 22:50,70
2/2/2016 23:00,40
2/2/2016 23:10,30
2/2/2016 23:20,50
2/2/2016 23:30,60
2/2/2016 23:40,70
2/2/2016 23:50,70
3/2/2016 0:00,60
3/2/2016 0:10,50
3/2/2016 0:20,60
3/2/2016 0:30,50
3/2/2016 0:40,60
3/2/2016 0:50,80
3/2/2016 1:00,70
3/2/2016 1:10,70
3/2/2016 1:20,60
3/2/2016 1:30,70
3/2/2016 1:40,50
3/2/2016 1:50,70
3/2/2016 2:00,60
3/2/2016 2:10,60
3/2/2016 2:20,70
3/2/2016 2:30,60
3/2/2016 2:40,80
3/2/2016 2:50,60
3/2/2016 3:00,50
3/2/2016 3:10,40
3/2/2016 3:20,40
3/2/2016 3:30,40
3/2/2016 3:40,60
3/2/2016 3:50,60
3/2/2016 4:00,70
3/2/2016 4:10,60
3/2/2016 4:20,60
3/2/2016 4:30,50
3/2/2016 4:40,60
3/2/2016 4:50,60
3/2/2016 5:00,50
3/2/2016 5:10,60
3/2/2016 5:20,70
3/2/2016 5:30,60
3/2/2016 5:40,60
3/2/2016 5:50,50
3/2/2016 6:00,50
3/2/2016 6:10,60
3/2/2016 6:20,50
3/2/2016 6:30,60
3/2/2016 6:40,60
3/2/2016 6:50,60
3/2/2016 7:00,60
3/2/2016 7:10,60
3/2/2016 7:20,60
3/2/2016 7:30,60
3/2/2016 7:40,60
3/2/2016 7:50,100
3/2/2016 8:00,70
3/2/2016 8:10,70
3/2/2016 8:20,90
3/2/2016 8:30,190
3/2/2016 8:40,310
3/2/2016 8:50,230
3/2/2016 9:00,170
3/2/2016 9:10,320
3/2/2016 9:20,300
3/2/2016 9:30,90
3/2/2016 9:40,90
3/2/2016 9:50,90
3/2/2016 10:00,120
3/2/2016 10:10,360
3/2/2016 10:20,220
3/2/2016 10:30,220
3/2/2016 10:40,410
3/2/2016 10:50,190
3/2/2016 11:00,80
3/2/2016 11:10,70
3/2/2016 11:20,70
3/2/2016 11:30,350
3/2/2016 11:40,340
3/2/2016 11:50,340
3/2/2016 12:00,340
3/2/2016 12:10,220
3/2/2016 12:20,70
3/2/2016 12:30,90
3/2/2016 12:40,80
3/2/2016 12:50,70
3/2/2016 13:00,70
3/2/2016 13:10,70
3/2/2016 13:20,120
3/2/2016 13:30,90
3/2/2016 13:40,100
3/2/2016 13:50,100
3/2/2016 14:00,240
3/2/2016 14:10,420
3/2/2016 14:20,200
3/2/2016 14:30,120
3/2/2016 14:40,120
3/2/2016 14:50,120
3/2/2016 15:00,220
3/2/2016 15:10,160
3/2/2016 15:20,130
3/2/2016 15:30,110
3/2/2016 15:40,90
3/2/2016 15:50,100
3/2/2016 16:00,180
3/2/2016 16:10,510
3/2/2016 16:20,350
3/2/2016 16:30,310
3/2/2016 16:40,300
3/2/2016 16:50,270
3/2/2016 17:00,270
3/2/2016 17:10,250
3/2/2016 17:20,230
3/2/2016 17:30,120
3/2/2016 17:40,190
3/2/2016 17:50,170
3/2/2016 18:00,120
3/2/2016 18:10,120
3/2/2016 18:20,460
3/2/2016 18:30,600
3/2/2016 18:40,280
3/2/2016 18:50,100
3/2/2016 19:00,110
3/2/2016 19:10,130
3/2/2016 19:20,120
3/2/2016 19:30,110
3/2/2016 19:40,160
3/2/2016 19:50,160
3/2/2016 20:00,150
3/2/2016 20:10,170
3/2/2016 20:20,100
3/2/2016 20:30,130
3/2/2016 20:40,100
3/2/2016 20:50,140
3/2/2016 21:00,120
3/2/2016 21:10,120
3/2/2016 21:20,140
3/2/2016 21:30,120
3/2/2016 21:40,130
3/2/2016 21:50,80
3/2/2016 22:00,70
3/2/2016 22:10,70
3/2/2016 22:20,70
3/2/2016 22:30,100
3/2/2016 22:40,100
3/2/2016 22:50,100
3/2/2016 23:00,70
3/2/2016 23:10,70
3/2/2016 23:20,70
3/2/2016 23:30,70
3/2/2016 23:40,60
3/2/2016 23:50,50
4/2/2016 0:00,30
4/2/2016 0:10,20
4/2/2016 0:20,50
4/2/2016 0:30,40
4/2/2016 0:40,40
4/2/2016 0:50,50
4/2/2016 1:00,40
4/2/2016 1:10,50
4/2/2016 1:20,40
4/2/2016 1:30,50
4/2/2016 1:40,50
4/2/2016 1:50,40
4/2/2016 2:00,50
4/2/2016 2:10,40
4/2/2016 2:20,40
4/2/2016 2:30,50
4/2/2016 2:40,50
4/2/2016 2:50,50
4/2/2016 3:00,50
4/2/2016 3:10,40
4/2/2016 3:20,20
4/2/2016 3:30,20
4/2/2016 3:40,20
4/2/2016 3:50,40
4/2/2016 4:00,50
4/2/2016 4:10,60
4/2/2016 4:20,40
4/2/2016 4:30,50
4/2/2016 4:40,40
4/2/2016 4:50,40
4/2/2016 5:00,50
4/2/2016 5:10,40
4/2/2016 5:20,50
4/2/2016 5:30,50
4/2/2016 5:40,50
4/2/2016 5:50,40
4/2/2016 6:00,40
4/2/2016 6:10,40
4/2/2016 6:20,40
4/2/2016 6:30,50
4/2/2016 6:40,30
4/2/2016 6:50,30
4/2/2016 7:00,30
4/2/2016 7:10,40
4/2/2016 7:20,60
4/2/2016 7:30,50
4/2/2016 7:40,50
4/2/2016 7:50,70
4/2/2016 8:00,60
4/2/2016 8:10,60
4/2/2016 8:20,80
4/2/2016 8:30,60
4/2/2016 8:40,60
4/2/2016 8:50,50
4/2/2016 9:00,50
4/2/2016 9:10,60
4/2/2016 9:20,170
4/2/2016 9:30,350
4/2/2016 9:40,140
4/2/2016 9:50,80
4/2/2016 10:00,50
4/2/2016 10:10,40
4/2/2016 10:20,50
4/2/2016 10:30,60
4/2/2016 10:40,60
4/2/2016 10:50,60
4/2/2016 11:00,80
4/2/2016 11:10,70
4/2/2016 11:20,70
4/2/2016 11:30,90
4/2/2016 11:40,60
4/2/2016 11:50,50
4/2/2016 12:00,470
4/2/2016 12:10,600
4/2/2016 12:20,330
4/2/2016 12:30,260
4/2/2016 12:40,240
4/2/2016 12:50,220
4/2/2016 13:00,260
4/2/2016 13:10,300
4/2/2016 13:20,70
4/2/2016 13:30,60
4/2/2016 13:40,70
4/2/2016 13:50,70
4/2/2016 14:00,110
4/2/2016 14:10,180
4/2/2016 14:20,170
4/2/2016 14:30,50
4/2/2016 14:40,50
4/2/2016 14:50,60
4/2/2016 15:00,60
4/2/2016 15:10,60
4/2/2016 15:20,60
4/2/2016 15:30,70
4/2/2016 15:40,80
4/2/2016 15:50,90
4/2/2016 16:00,90
4/2/2016 16:10,100
4/2/2016 16:20,90
4/2/2016 16:30,100
4/2/2016 16:40,100
4/2/2016 16:50,120
4/2/2016 17:00,120
4/2/2016 17:10,120
4/2/2016 17:20,110
4/2/2016 17:30,100
4/2/2016 17:40,100
4/2/2016 17:50,80
4/2/2016 18:00,110
4/2/2016 18:10,90
4/2/2016 18:20,90
4/2/2016 18:30,350
4/2/2016 18:40,530
4/2/2016 18:50,500
4/2/2016 19:00,100
4/2/2016 19:10,110
4/2/2016 19:20,120
4/2/2016 19:30,370
4/2/2016 19:40,210
4/2/2016 19:50,110
4/2/2016 20:00,100
4/2/2016 20:10,100
4/2/2016 20:20,100
4/2/2016 20:30,100
4/2/2016 20:40,100
4/2/2016 20:50,100
4/2/2016 21:00,110
4/2/2016 21:10,110
4/2/2016 21:20,80
4/2/2016 21:30,230
4/2/2016 21:40,420
4/2/2016 21:50,240
4/2/2016 22:00,70
4/2/2016 22:10,70
4/2/2016 22:20,70
4/2/2016 22:30,60
4/2/2016 22:40,60
4/2/2016 22:50,60
4/2/2016 23:00,50
4/2/2016 23:10,60
4/2/2016 23:20,50
4/2/2016 23:30,50
4/2/2016 23:40,60
4/2/2016 23:50,70
5/2/2016 0:00,60
5/2/2016 0:10,60
5/2/2016 0:20,40
5/2/2016 0:30,20
5/2/2016 0:40,20
5/2/2016 0:50,20
5/2/2016 1:00,30
5/2/2016 1:10,50
5/2/2016 1:20,50
5/2/2016 1:30,50
5/2/2016 1:40,40
5/2/2016 1:50,40
5/2/2016 2:00,40
5/2/2016 2:10,50
5/2/2016 2:20,50
5/2/2016 2:30,50
5/2/2016 2:40,50
5/2/2016 2:50,50
5/2/2016 3:00,40
5/2/2016 3:10,50
5/2/2016 3:20,40
5/2/2016 3:30,40
5/2/2016 3:40,50
5/2/2016 3:50,40
5/2/2016 4:00,40
5/2/2016 4:10,30
5/2/2016 4:20,20
5/2/2016 4:30,40
5/2/2016 4:40,40
5/2/2016 4:50,40
5/2/2016 5:00,40
5/2/2016 5:10,50
5/2/2016 5:20,50
5/2/2016 5:30,50
5/2/2016 5:40,50
5/2/2016 5:50,40
5/2/2016 6:00,50
5/2/2016 6:10,40
5/2/2016 6:20,40
5/2/2016 6:30,40
5/2/2016 6:40,50
5/2/2016 6:50,50
5/2/2016 7:00,50
5/2/2016 7:10,40
5/2/2016 7:20,50
5/2/2016 7:30,30
5/2/2016 7:40,20
5/2/2016 7:50,50
5/2/2016 8:00,20
5/2/2016 8:10,60
5/2/2016 8:20,50
5/2/2016 8:30,60
5/2/2016 8:40,60
5/2/2016 8:50,60
5/2/2016 9:00,50
5/2/2016 9:10,40
5/2/2016 9:20,50
5/2/2016 9:30,40
5/2/2016 9:40,60
5/2/2016 9:50,50
5/2/2016 10:00,50
5/2/2016 10:10,40
5/2/2016 10:20,40
5/2/2016 10:30,50
5/2/2016 10:40,20
5/2/2016 10:50,20
5/2/2016 11:00,40
5/2/2016 11:10,40
5/2/2016 11:20,60
5/2/2016 11:30,70
5/2/2016 11:40,60
5/2/2016 11:50,150
5/2/2016 12:00,70
5/2/2016 12:10,60
5/2/2016 12:20,80
5/2/2016 12:30,70
5/2/2016 12:40,70
5/2/2016 12:50,70
5/2/2016 13:00,60
5/2/2016 13:10,60
5/2/2016 13:20,70
5/2/2016 13:30,40
5/2/2016 13:40,40
5/2/2016 13:50,50
5/2/2016 14:00,50
5/2/2016 14:10,50
5/2/2016 14:20,40
5/2/2016 14:30,30
5/2/2016 14:40,30
5/2/2016 14:50,20
5/2/2016 15:00,30
5/2/2016 15:10,50
5/2/2016 15:20,60
5/2/2016 15:30,60
5/2/2016 15:40,50
5/2/2016 15:50,60
5/2/2016 16:00,50
5/2/2016 16:10,50
5/2/2016 16:20,50
5/2/2016 16:30,50
5/2/2016 16:40,50
5/2/2016 16:50,60
5/2/2016 17:00,60
5/2/2016 17:10,50
5/2/2016 17:20,50
5/2/2016 17:30,80
5/2/2016 17:40,80
5/2/2016 17:50,90
5/2/2016 18:00,90
5/2/2016 18:10,100
5/2/2016 18:20,150
5/2/2016 18:30,540
5/2/2016 18:40,370
5/2/2016 18:50,180
5/2/2016 19:00,150
5/2/2016 19:10,220
5/2/2016 19:20,100
5/2/2016 19:30,100
5/2/2016 19:40,120
5/2/2016 19:50,100
5/2/2016 20:00,90
5/2/2016 20:10,100
5/2/2016 20:20,110
5/2/2016 20:30,100
5/2/2016 20:40,70
5/2/2016 20:50,80
5/2/2016 21:00,80
5/2/2016 21:10,80
5/2/2016 21:20,70
5/2/2016 21:30,80
5/2/2016 21:40,60
5/2/2016 21:50,80
5/2/2016 22:00,70
5/2/2016 22:10,60
5/2/2016 22:20,60
5/2/2016 22:30,50
5/2/2016 22:40,50
5/2/2016 22:50,50
5/2/2016 23:00,30
5/2/2016 23:10,20
5/2/2016 23:20,20
5/2/2016 23:30,30
5/2/2016 23:40,40
5/2/2016 23:50,50
6/2/2016 0:00,60
6/2/2016 0:10,50
6/2/2016 0:20,40
6/2/2016 0:30,50
6/2/2016 0:40,40
6/2/2016 0:50,50
6/2/2016 1:00,40
6/2/2016 1:10,50
6/2/2016 1:20,50
6/2/2016 1:30,50
6/2/2016 1:40,50
6/2/2016 1:50,40
6/2/2016 2:00,40
6/2/2016 2:10,40
6/2/2016 2:20,40
6/2/2016 2:30,50
6/2/2016 2:40,50
6/2/2016 2:50,50
6/2/2016 3:00,50
6/2/2016 3:10,40
6/2/2016 3:20,50
6/2/2016 3:30,40
6/2/2016 3:40,40
6/2/2016 3:50,50
6/2/2016 4:00,30
6/2/2016 4:10,30
6/2/2016 4:20,30
6/2/2016 4:30,40
6/2/2016 4:40,50
6/2/2016 4:50,40
6/2/2016 5:00,40
6/2/2016 5:10,50
6/2/2016 5:20,40
6/2/2016 5:30,50
6/2/2016 5:40,50
6/2/2016 5:50,50
6/2/2016 6:00,50
6/2/2016 6:10,50
6/2/2016 6:20,40
6/2/2016 6:30,40
6/2/2016 6:40,50
6/2/2016 6:50,40
6/2/2016 7:00,50
6/2/2016 7:10,50
6/2/2016 7:20,60
6/2/2016 7:30,40
6/2/2016 7:40,50
6/2/2016 7:50,40
6/2/2016 8:00,40
6/2/2016 8:10,40
6/2/2016 8:20,40
6/2/2016 8:30,50
6/2/2016 8:40,50
6/2/2016 8:50,50
6/2/2016 9:00,50
6/2/2016 9:10,60
6/2/2016 9:20,20
6/2/2016 9:30,20
6/2/2016 9:40,30
6/2/2016 9:50,40
6/2/2016 10:00,50
6/2/2016 10:10,60
6/2/2016 10:20,60
6/2/2016 10:30,60
6/2/2016 10:40,60
6/2/2016 10:50,40
6/2/2016 11:00,50
6/2/2016 11:10,40
6/2/2016 11:20,50
6/2/2016 11:30,60
6/2/2016 11:40,60
6/2/2016 11:50,70
6/2/2016 12:00,70
6/2/2016 12:10,70
6/2/2016 12:20,90
6/2/2016 12:30,80
6/2/2016 12:40,80
6/2/2016 12:50,70
6/2/2016 13:00,60
6/2/2016 13:10,70
6/2/2016 13:20,70
6/2/2016 13:30,70
6/2/2016 13:40,50
6/2/2016 13:50,50
6/2/2016 14:00,50
6/2/2016 14:10,50
6/2/2016 14:20,60
6/2/2016 14:30,60
6/2/2016 14:40,80
6/2/2016 14:50,70
6/2/2016 15:00,70
6/2/2016 15:10,70
6/2/2016 15:20,60
6/2/2016 15:30,190
6/2/2016 15:40,340
6/2/2016 15:50,360
6/2/2016 16:00,140
6/2/2016 16:10,70
6/2/2016 16:20,160
6/2/2016 16:30,420
6/2/2016 16:40,230
6/2/2016 16:50,440
6/2/2016 17:00,240
6/2/2016 17:10,460
6/2/2016 17:20,90
6/2/2016 17:30,240
6/2/2016 17:40,250
6/2/2016 17:50,90
6/2/2016 18:00,80
6/2/2016 18:10,90
6/2/2016 18:20,80
6/2/2016 18:30,370
6/2/2016 18:40,270
6/2/2016 18:50,70
6/2/2016 19:00,90
6/2/2016 19:10,100
6/2/2016 19:20,90
6/2/2016 19:30,110
6/2/2016 19:40,100
6/2/2016 19:50,90
6/2/2016 20:00,90
6/2/2016 20:10,100
6/2/2016 20:20,90
6/2/2016 20:30,100
6/2/2016 20:40,100
6/2/2016 20:50,90
6/2/2016 21:00,90
6/2/2016 21:10,90
6/2/2016 21:20,90
6/2/2016 21:30,110
6/2/2016 21:40,80
6/2/2016 21:50,100
6/2/2016 22:00,90
6/2/2016 22:10,90
6/2/2016 22:20,80
6/2/2016 22:30,70
6/2/2016 22:40,70
6/2/2016 22:50,70
6/2/2016 23:00,70
6/2/2016 23:10,80
6/2/2016 23:20,80
6/2/2016 23:30,80
6/2/2016 23:40,60
6/2/2016 23:50,30
7/2/2016 0:00,20
7/2/2016 0:10,20
7/2/2016 0:20,40
7/2/2016 0:30,50
7/2/2016 0:40,50
7/2/2016 0:50,50
7/2/2016 1:00,50
7/2/2016 1:10,50
7/2/2016 1:20,40
7/2/2016 1:30,40
7/2/2016 1:40,40
7/2/2016 1:50,40
7/2/2016 2:00,40
7/2/2016 2:10,50
7/2/2016 2:20,40
7/2/2016 2:30,50
7/2/2016 2:40,50
7/2/2016 2:50,40
7/2/2016 3:00,40
7/2/2016 3:10,40
7/2/2016 3:20,40
7/2/2016 3:30,40
7/2/2016 3:40,50
7/2/2016 3:50,50
7/2/2016 4:00,50
7/2/2016 4:10,50
7/2/2016 4:20,40
7/2/2016 4:30,50
7/2/2016 4:40,40
7/2/2016 4:50,40
7/2/2016 5:00,40
7/2/2016 5:10,50
7/2/2016 5:20,50
7/2/2016 5:30,50
7/2/2016 5:40,30
7/2/2016 5:50,30
7/2/2016 6:00,20
7/2/2016 6:10,20
7/2/2016 6:20,40
7/2/2016 6:30,40
7/2/2016 6:40,50
7/2/2016 6:50,50
7/2/2016 7:00,50
7/2/2016 7:10,50
7/2/2016 7:20,40
7/2/2016 7:30,40
7/2/2016 7:40,50
7/2/2016 7:50,40
7/2/2016 8:00,40
7/2/2016 8:10,50
7/2/2016 8:20,40
7/2/2016 8:30,80
7/2/2016 8:40,50
7/2/2016 8:50,40
7/2/2016 9:00,40
7/2/2016 9:10,80
7/2/2016 9:20,60
7/2/2016 9:30,40
7/2/2016 9:40,50
7/2/2016 9:50,50
7/2/2016 10:00,30
7/2/2016 10:10,30
7/2/2016 10:20,20
7/2/2016 10:30,20
7/2/2016 10:40,40
7/2/2016 10:50,40
7/2/2016 11:00,60
7/2/2016 11:10,50
7/2/2016 11:20,60
7/2/2016 11:30,50
7/2/2016 11:40,40
7/2/2016 11:50,100
7/2/2016 12:00,130
7/2/2016 12:10,40
7/2/2016 12:20,40
7/2/2016 12:30,50
7/2/2016 12:40,50
7/2/2016 12:50,50
7/2/2016 13:00,40
7/2/2016 13:10,50
7/2/2016 13:20,40
7/2/2016 13:30,60
7/2/2016 13:40,140
7/2/2016 13:50,60
7/2/2016 14:00,50
7/2/2016 14:10,50
7/2/2016 14:20,30
7/2/2016 14:30,50
7/2/2016 14:40,40
7/2/2016 14:50,40
7/2/2016 15:00,70
7/2/2016 15:10,90
7/2/2016 15:20,70
7/2/2016 15:30,80
7/2/2016 15:40,70
7/2/2016 15:50,90
7/2/2016 16:00,90
7/2/2016 16:10,80
7/2/2016 16:20,70
7/2/2016 16:30,90
7/2/2016 16:40,100
7/2/2016 16:50,100
7/2/2016 17:00,100
7/2/2016 17:10,110
7/2/2016 17:20,120
7/2/2016 17:30,250
7/2/2016 17:40,160
7/2/2016 17:50,80
7/2/2016 18:00,60
7/2/2016 18:10,60
7/2/2016 18:20,70
7/2/2016 18:30,390
7/2/2016 18:40,350
7/2/2016 18:50,270
7/2/2016 19:00,260
7/2/2016 19:10,180
7/2/2016 19:20,100
7/2/2016 19:30,280
7/2/2016 19:40,260
7/2/2016 19:50,280
7/2/2016 20:00,100
7/2/2016 20:10,260
7/2/2016 20:20,190
7/2/2016 20:30,100
7/2/2016 20:40,100
7/2/2016 20:50,90
7/2/2016 21:00,140
7/2/2016 21:10,430
7/2/2016 21:20,250
7/2/2016 21:30,90
7/2/2016 21:40,100
7/2/2016 21:50,90
7/2/2016 22:00,90
7/2/2016 22:10,90
7/2/2016 22:20,70
7/2/2016 22:30,60
7/2/2016 22:40,60
7/2/2016 22:50,60
7/2/2016 23:00,60
7/2/2016 23:10,70
7/2/2016 23:20,80
7/2/2016 23:30,90
7/2/2016 23:40,90
7/2/2016 23:50,90
8/2/2016 0:00,80
8/2/2016 0:10,50
8/2/2016 0:20,20
8/2/2016 0:30,40
8/2/2016 0:40,40
8/2/2016 0:50,50
8/2/2016 1:00,50
8/2/2016 1:10,50
8/2/2016 1:20,40
8/2/2016 1:30,50
8/2/2016 1:40,40
8/2/2016 1:50,50
8/2/2016 2:00,50
8/2/2016 2:10,50
8/2/2016 2:20,50
8/2/2016 2:30,40
8/2/2016 2:40,40
8/2/2016 2:50,40
8/2/2016 3:00,40
8/2/2016 3:10,50
8/2/2016 3:20,50
8/2/2016 3:30,50
8/2/2016 3:40,50
8/2/2016 3:50,40
8/2/2016 4:00,40
8/2/2016 4:10,50
8/2/2016 4:20,40
8/2/2016 4:30,40
8/2/2016 4:40,50
8/2/2016 4:50,50
8/2/2016 5:00,50
8/2/2016 5:10,50
8/2/2016 5:20,40
8/2/2016 5:30,20
8/2/2016 5:40,30
8/2/2016 5:50,20
8/2/2016 6:00,40
8/2/2016 6:10,40
8/2/2016 6:20,50
8/2/2016 6:30,50
8/2/2016 6:40,60
8/2/2016 6:50,50
8/2/2016 7:00,40
8/2/2016 7:10,40
8/2/2016 7:20,40
8/2/2016 7:30,50
8/2/2016 7:40,40
8/2/2016 7:50,60
8/2/2016 8:00,80
8/2/2016 8:10,70
8/2/2016 8:20,90
8/2/2016 8:30,70
8/2/2016 8:40,60
8/2/2016 8:50,60
8/2/2016 9:00,60
8/2/2016 9:10,60
8/2/2016 9:20,60
8/2/2016 9:30,300
8/2/2016 9:40,360
8/2/2016 9:50,160
8/2/2016 10:00,110
8/2/2016 10:10,80
8/2/2016 10:20,80
8/2/2016 10:30,70
8/2/2016 10:40,80
8/2/2016 10:50,100
8/2/2016 11:00,160
8/2/2016 11:10,710
8/2/2016 11:20,660
8/2/2016 11:30,300
8/2/2016 11:40,300
8/2/2016 11:50,290
8/2/2016 12:00,250
8/2/2016 12:10,300
8/2/2016 12:20,370
8/2/2016 12:30,190
8/2/2016 12:40,110
8/2/2016 12:50,80
8/2/2016 13:00,90
8/2/2016 13:10,90
8/2/2016 13:20,350
8/2/2016 13:30,750
8/2/2016 13:40,520
8/2/2016 13:50,350
8/2/2016 14:00,290
8/2/2016 14:10,260
8/2/2016 14:20,230
8/2/2016 14:30,200
8/2/2016 14:40,80
8/2/2016 14:50,120
8/2/2016 15:00,220
8/2/2016 15:10,700
8/2/2016 15:20,610
8/2/2016 15:30,370
8/2/2016 15:40,280
8/2/2016 15:50,280
8/2/2016 16:00,280
8/2/2016 16:10,260
8/2/2016 16:20,140
8/2/2016 16:30,140
8/2/2016 16:40,100
8/2/2016 16:50,120
8/2/2016 17:00,120
8/2/2016 17:10,100
8/2/2016 17:20,150
8/2/2016 17:30,480
8/2/2016 17:40,320
8/2/2016 17:50,300
8/2/2016 18:00,280
8/2/2016 18:10,390
8/2/2016 18:20,480
8/2/2016 18:30,460
8/2/2016 18:40,380
8/2/2016 18:50,370
8/2/2016 19:00,420
8/2/2016 19:10,100
8/2/2016 19:20,90
8/2/2016 19:30,90
8/2/2016 19:40,90
8/2/2016 19:50,80
8/2/2016 20:00,90
8/2/2016 20:10,150
8/2/2016 20:20,100
8/2/2016 20:30,100
8/2/2016 20:40,90
8/2/2016 20:50,80
8/2/2016 21:00,100
8/2/2016 21:10,90
8/2/2016 21:20,90
8/2/2016 21:30,70
8/2/2016 21:40,90
8/2/2016 21:50,70
8/2/2016 22:00,90
8/2/2016 22:10,70
8/2/2016 22:20,60
8/2/2016 22:30,70
8/2/2016 22:40,60
8/2/2016 22:50,60
8/2/2016 23:00,60
8/2/2016 23:10,50
8/2/2016 23:20,60
8/2/2016 23:30,60
8/2/2016 23:40,60
8/2/2016 23:50,50
9/2/2016 0:00,50
9/2/2016 0:10,50
9/2/2016 0:20,50
9/2/2016 0:30,40
9/2/2016 0:40,50
9/2/2016 0:50,40
9/2/2016 1:00,40
9/2/2016 1:10,60
9/2/2016 1:20,50
9/2/2016 1:30,50
9/2/2016 1:40,50
9/2/2016 1:50,40
9/2/2016 2:00,40
9/2/2016 2:10,50
9/2/2016 2:20,40
9/2/2016 2:30,50
9/2/2016 2:40,40
9/2/2016 2:50,30
9/2/2016 3:00,30
9/2/2016 3:10,30
9/2/2016 3:20,30
9/2/2016 3:30,50
9/2/2016 3:40,40
9/2/2016 3:50,40
9/2/2016 4:00,50
9/2/2016 4:10,40
9/2/2016 4:20,50
9/2/2016 4:30,40
9/2/2016 4:40,50
9/2/2016 4:50,50
9/2/2016 5:00,40
9/2/2016 5:10,50
9/2/2016 5:20,50
9/2/2016 5:30,40
9/2/2016 5:40,40
9/2/2016 5:50,50
9/2/2016 6:00,50
9/2/2016 6:10,50
9/2/2016 6:20,50
9/2/2016 6:30,40
9/2/2016 6:40,50
9/2/2016 6:50,40
9/2/2016 7:00,50
9/2/2016 7:10,40
9/2/2016 7:20,40
9/2/2016 7:30,50
9/2/2016 7:40,70
9/2/2016 7:50,60
9/2/2016 8:00,50
9/2/2016 8:10,50
9/2/2016 8:20,40
9/2/2016 8:30,40
9/2/2016 8:40,40
9/2/2016 8:50,70
9/2/2016 9:00,70
9/2/2016 9:10,360
9/2/2016 9:20,190
9/2/2016 9:30,150
9/2/2016 9:40,120
9/2/2016 9:50,80
9/2/2016 10:00,60
9/2/2016 10:10,180
9/2/2016 10:20,180
9/2/2016 10:30,480
9/2/2016 10:40,530
9/2/2016 10:50,220
9/2/2016 11:00,120
9/2/2016 11:10,110
9/2/2016 11:20,100
9/2/2016 11:30,110
9/2/2016 11:40,100
9/2/2016 11:50,130
9/2/2016 12:00,170
9/2/2016 12:10,560
9/2/2016 12:20,430
9/2/2016 12:30,360
9/2/2016 12:40,350
9/2/2016 12:50,330
9/2/2016 13:00,280
9/2/2016 13:10,220
9/2/2016 13:20,150
9/2/2016 13:30,120
9/2/2016 13:40,120
9/2/2016 13:50,140
9/2/2016 14:00,120
9/2/2016 14:10,130
9/2/2016 14:20,130
9/2/2016 14:30,130
9/2/2016 14:40,130
9/2/2016 14:50,120
9/2/2016 15:00,160
9/2/2016 15:10,240
9/2/2016 15:20,220
9/2/2016 15:30,200
9/2/2016 15:40,210
9/2/2016 15:50,160
9/2/2016 16:00,110
9/2/2016 16:10,100
9/2/2016 16:20,110
9/2/2016 16:30,110
9/2/2016 16:40,120
9/2/2016 16:50,120
9/2/2016 17:00,120
9/2/2016 17:10,130
9/2/2016 17:20,140
9/2/2016 17:30,130
9/2/2016 17:40,120
9/2/2016 17:50,120
9/2/2016 18:00,130
9/2/2016 18:10,120
9/2/2016 18:20,120
9/2/2016 18:30,140
9/2/2016 18:40,120
9/2/2016 18:50,270
9/2/2016 19:00,650
9/2/2016 19:10,690
9/2/2016 19:20,340
9/2/2016 19:30,100
9/2/2016 19:40,120
9/2/2016 19:50,140
9/2/2016 20:00,150
9/2/2016 20:10,150
9/2/2016 20:20,160
9/2/2016 20:30,140
9/2/2016 20:40,150
9/2/2016 20:50,150
9/2/2016 21:00,140
9/2/2016 21:10,150
9/2/2016 21:20,130
9/2/2016 21:30,130
9/2/2016 21:40,130
9/2/2016 21:50,130
9/2/2016 22:00,140
9/2/2016 22:10,130
9/2/2016 22:20,130
9/2/2016 22:30,100
9/2/2016 22:40,90
9/2/2016 22:50,80
9/2/2016 23:00,70
9/2/2016 23:10,60
9/2/2016 23:20,70
9/2/2016 23:30,70
9/2/2016 23:40,80
9/2/2016 23:50,70
10/2/2016 0:00,70
10/2/2016 0:10,70
10/2/2016 0:20,70
10/2/2016 0:30,80
10/2/2016 0:40,60
10/2/2016 0:50,70
10/2/2016 1:00,70
10/2/2016 1:10,80
10/2/2016 1:20,70
10/2/2016 1:30,70
10/2/2016 1:40,70
10/2/2016 1:50,70
10/2/2016 2:00,60
10/2/2016 2:10,70
10/2/2016 2:20,60
10/2/2016 2:30,70
10/2/2016 2:40,80
10/2/2016 2:50,60
10/2/2016 3:00,80
10/2/2016 3:10,70
10/2/2016 3:20,60
10/2/2016 3:30,70
10/2/2016 3:40,60
10/2/2016 3:50,70
10/2/2016 4:00,60
10/2/2016 4:10,70
10/2/2016 4:20,70
10/2/2016 4:30,70
10/2/2016 4:40,70
10/2/2016 4:50,60
10/2/2016 5:00,60
10/2/2016 5:10,70
10/2/2016 5:20,60
10/2/2016 5:30,60
10/2/2016 5:40,70
10/2/2016 5:50,70
10/2/2016 6:00,70
10/2/2016 6:10,70
10/2/2016 6:20,70
10/2/2016 6:30,70
10/2/2016 6:40,60
10/2/2016 6:50,70
10/2/2016 7:00,60
10/2/2016 7:10,60
10/2/2016 7:20,50
10/2/2016 7:30,60
10/2/2016 7:40,50
10/2/2016 7:50,60
10/2/2016 8:00,70
10/2/2016 8:10,60
10/2/2016 8:20,100
10/2/2016 8:30,80
10/2/2016 8:40,100
10/2/2016 8:50,120
10/2/2016 9:00,110
10/2/2016 9:10,90
10/2/2016 9:20,80
10/2/2016 9:30,90
10/2/2016 9:40,80
10/2/2016 9:50,80
10/2/2016 10:00,80
10/2/2016 10:10,70
10/2/2016 10:20,80
10/2/2016 10:30,90
10/2/2016 10:40,90
10/2/2016 10:50,150
10/2/2016 11:00,150
10/2/2016 11:10,80
10/2/2016 11:20,70
10/2/2016 11:30,110
10/2/2016 11:40,110
10/2/2016 11:50,90
10/2/2016 12:00,80
10/2/2016 12:10,80
10/2/2016 12:20,80
10/2/2016 12:30,70
10/2/2016 12:40,140
10/2/2016 12:50,70
10/2/2016 13:00,50
10/2/2016 13:10,70
10/2/2016 13:20,60
10/2/2016 13:30,70
10/2/2016 13:40,70
10/2/2016 13:50,60
10/2/2016 14:00,80
10/2/2016 14:10,70
10/2/2016 14:20,60
10/2/2016 14:30,70
10/2/2016 14:40,80
10/2/2016 14:50,120
10/2/2016 15:00,110
10/2/2016 15:10,120
10/2/2016 15:20,110
10/2/2016 15:30,110
10/2/2016 15:40,100
10/2/2016 15:50,110
10/2/2016 16:00,90
10/2/2016 16:10,100
10/2/2016 16:20,110
10/2/2016 16:30,110
10/2/2016 16:40,100
10/2/2016 16:50,80
10/2/2016 17:00,80
10/2/2016 17:10,80
10/2/2016 17:20,80
10/2/2016 17:30,90
10/2/2016 17:40,80
10/2/2016 17:50,70
10/2/2016 18:00,90
10/2/2016 18:10,120
10/2/2016 18:20,360
10/2/2016 18:30,530
10/2/2016 18:40,620
10/2/2016 18:50,230
10/2/2016 19:00,100
10/2/2016 19:10,100
10/2/2016 19:20,120
10/2/2016 19:30,140
10/2/2016 19:40,100
10/2/2016 19:50,110
10/2/2016 20:00,110
10/2/2016 20:10,140
10/2/2016 20:20,130
10/2/2016 20:30,140
10/2/2016 20:40,150
10/2/2016 20:50,230
10/2/2016 21:00,130
10/2/2016 21:10,130
10/2/2016 21:20,120
10/2/2016 21:30,130
10/2/2016 21:40,110
10/2/2016 21:50,130
10/2/2016 22:00,140
10/2/2016 22:10,150
10/2/2016 22:20,120
10/2/2016 22:30,70
10/2/2016 22:40,80
10/2/2016 22:50,80
10/2/2016 23:00,70
10/2/2016 23:10,70
10/2/2016 23:20,70
10/2/2016 23:30,70
10/2/2016 23:40,80
10/2/2016 23:50,70
11/2/2016 0:00,60
11/2/2016 0:10,70
11/2/2016 0:20,50
11/2/2016 0:30,30
11/2/2016 0:40,40
11/2/2016 0:50,20
11/2/2016 1:00,60
11/2/2016 1:10,60
11/2/2016 1:20,50
11/2/2016 1:30,50
11/2/2016 1:40,50
11/2/2016 1:50,50
11/2/2016 2:00,50
11/2/2016 2:10,50
11/2/2016 2:20,50
11/2/2016 2:30,60
11/2/2016 2:40,60
11/2/2016 2:50,50
11/2/2016 3:00,60
11/2/2016 3:10,40
11/2/2016 3:20,50
11/2/2016 3:30,50
11/2/2016 3:40,30
11/2/2016 3:50,30
11/2/2016 4:00,40
11/2/2016 4:10,40
11/2/2016 4:20,50
11/2/2016 4:30,50
11/2/2016 4:40,50
11/2/2016 4:50,50
11/2/2016 5:00,40
11/2/2016 5:10,50
11/2/2016 5:20,50
11/2/2016 5:30,50
11/2/2016 5:40,60
11/2/2016 5:50,50
11/2/2016 6:00,40
11/2/2016 6:10,50
11/2/2016 6:20,50
11/2/2016 6:30,50
11/2/2016 6:40,50
11/2/2016 6:50,40
11/2/2016 7:00,30
11/2/2016 7:10,40
11/2/2016 7:20,40
11/2/2016 7:30,60
11/2/2016 7:40,50
11/2/2016 7:50,50
11/2/2016 8:00,50
11/2/2016 8:10,70
11/2/2016 8:20,60
11/2/2016 8:30,60
11/2/2016 8:40,60
11/2/2016 8:50,410
11/2/2016 9:00,70
11/2/2016 9:10,70
11/2/2016 9:20,60
11/2/2016 9:30,100
11/2/2016 9:40,70
11/2/2016 9:50,70
11/2/2016 10:00,80
11/2/2016 10:10,70
11/2/2016 10:20,60
11/2/2016 10:30,50
11/2/2016 10:40,50
11/2/2016 10:50,300
11/2/2016 11:00,440
11/2/2016 11:10,190
11/2/2016 11:20,100
11/2/2016 11:30,90
11/2/2016 11:40,100
11/2/2016 11:50,100
11/2/2016 12:00,90
11/2/2016 12:10,100
11/2/2016 12:20,110
11/2/2016 12:30,160
11/2/2016 12:40,160
11/2/2016 12:50,110
11/2/2016 13:00,90
11/2/2016 13:10,80
11/2/2016 13:20,60
11/2/2016 13:30,70
11/2/2016 13:40,80
11/2/2016 13:50,120
11/2/2016 14:00,120
11/2/2016 14:10,120
11/2/2016 14:20,110
11/2/2016 14:30,100
11/2/2016 14:40,90
11/2/2016 14:50,100
11/2/2016 15:00,200
11/2/2016 15:10,210
11/2/2016 15:20,110
11/2/2016 15:30,120
11/2/2016 15:40,110
11/2/2016 15:50,110
11/2/2016 16:00,100
11/2/2016 16:10,120
11/2/2016 16:20,110
11/2/2016 16:30,110
11/2/2016 16:40,110
11/2/2016 16:50,100
11/2/2016 17:00,130
11/2/2016 17:10,120
11/2/2016 17:20,110
11/2/2016 17:30,100
11/2/2016 17:40,100
11/2/2016 17:50,380
11/2/2016 18:00,350
11/2/2016 18:10,290
11/2/2016 18:20,390
11/2/2016 18:30,690
11/2/2016 18:40,270
11/2/2016 18:50,750
11/2/2016 19:00,130
11/2/2016 19:10,120
11/2/2016 19:20,120
11/2/2016 19:30,130
11/2/2016 19:40,130
11/2/2016 19:50,130
11/2/2016 20:00,120
11/2/2016 20:10,120
11/2/2016 20:20,130
11/2/2016 20:30,120
11/2/2016 20:40,130
11/2/2016 20:50,130
11/2/2016 21:00,140
11/2/2016 21:10,130
11/2/2016 21:20,140
11/2/2016 21:30,120
11/2/2016 21:40,120
11/2/2016 21:50,140
11/2/2016 22:00,130
11/2/2016 22:10,120
11/2/2016 22:20,90
11/2/2016 22:30,40
11/2/2016 22:40,70
11/2/2016 22:50,60
11/2/2016 23:00,60
11/2/2016 23:10,50
11/2/2016 23:20,60
11/2/2016 23:30,60
11/2/2016 23:40,60
11/2/2016 23:50,60
